,기준년월(STD_YM),성별코드(SEX_CD),연령대코드(AGE_CD),시간대코드(TIME_CD),구매_고객수(ACC_CNT),구매건수(PURH_CNT),구매금액(PURH_AMT),구매자지역(BUYER_AREA),구매자_시도명(B_SIDO_NM),구매자_시군구명(B_SIGNGU_NM),구매자_읍면동명(B_EMD_NM),통계청분류코드(STAT_CLASS_CD),통계청분류명(STAT_CLASS_NM)
0,201907,1,4,5,5,16,436000,11200720,서울특별시,성동구,송정동,E,가정용품 및 가사 서비스
1,201809,1,7,4,179,18,110000,11140635,서울특별시,중구,약수동,E,가정용품 및 가사 서비스
2,201805,2,3,5,5,2,1000,11380632,서울특별시,은평구,신사제2동,J,교육
3,201901,1,6,4,331,681,23000,11215830,서울특별시,광진구,자양제2동,B,주류 및 담배
4,201802,1,6,1,9,1,22000,11140635,서울특별시,중구,약수동,B,주류 및 담배
5,201909,2,7,2,18,4,5246000,11350710,서울특별시,노원구,상계9동,L,기타 상품 및 서비스
6,201811,2,6,5,1,14,103000,11590630,서울특별시,동작구,사당제2동,A,식료품 및 비주류음료
7,201804,1,4,4,3,1,31000,11260630,서울특별시,중랑구,묵제2동,A,식료품 및 비주류음료
8,201811,2,3,4,3,200,220000,11530760,서울특별시,구로구,개봉제3동,E,가정용품 및 가사 서비스
9,201806,1,4,6,3,9,293000,11500560,서울특별시,강서구,화곡제3동,E,가정용품 및 가사 서비스
10,201812,1,4,3,2,4,40000,11560680,서울특별시,영등포구,신길제6동,L,기타 상품 및 서비스
11,201809,1,3,4,7,25,1047000,11170560,서울특별시,용산구,원효로제1동,B,주류 및 담배
12,201812,2,7,3,10,2,94000,11110710,서울특별시,종로구,숭인제2동,F,보건
13,201901,1,5,2,59,7,187000,11530720,서울특별시,구로구,고척제1동,B,주류 및 담배
14,201804,1,5,4,1,73,100000,11140670,서울특별시,중구,황학동,L,기타 상품 및 서비스
15,201901,1,3,3,3,2,1000,11530540,서울특별시,구로구,구로제3동,A,식료품 및 비주류음료
16,201803,2,7,3,1,209,10000,11140550,서울특별시,중구,명동,C,의류 및 신발
17,201909,1,5,3,1,43,14000,11440655,서울특별시,마포구,서강동,L,기타 상품 및 서비스
18,201808,1,4,6,15,11,12000,11200560,서울특별시,성동구,행당제1동,I,오락 및 문화
19,201909,1,3,3,288,53,127000,11320690,서울특별시,도봉구,방학제1동,E,가정용품 및 가사 서비스
20,201804,1,6,5,2,260,965000,11560620,서울특별시,영등포구,양평제2동,E,가정용품 및 가사 서비스
21,201911,1,1,6,336,186,1203000,11410655,서울특별시,서대문구,홍제제2동,A,식료품 및 비주류음료
22,201805,2,3,5,19,7,19000,11680610,서울특별시,강남구,대치2동,J,교육
23,201903,1,5,5,10,19,627000,11680610,서울특별시,강남구,대치2동,A,식료품 및 비주류음료
24,201802,1,5,6,1,6,39000,11290575,서울특별시,성북구,동선동,E,가정용품 및 가사 서비스
25,201907,1,2,2,337,497,2689000,11710580,서울특별시,송파구,송파1동,E,가정용품 및 가사 서비스
26,201803,1,6,3,20,37,150000,11620665,서울특별시,관악구,서림동,A,식료품 및 비주류음료
27,201907,2,3,2,5,106,2000,11680656,서울특별시,강남구,도곡2동,E,가정용품 및 가사 서비스
28,201902,1,7,5,4,16,1000,11740650,서울특별시,강동구,성내제2동,A,식료품 및 비주류음료
29,201907,2,1,4,1,4,420000,11200615,서울특별시,성동구,금호2.3가동,B,주류 및 담배
30,201803,2,6,2,5,57,10000,11620745,서울특별시,관악구,삼성동,L,기타 상품 및 서비스
31,201812,1,6,6,2,5,76000,11560585,서울특별시,영등포구,도림동,B,주류 및 담배
32,201801,1,5,4,305,32,249000,11440680,서울특별시,마포구,합정동,A,식료품 및 비주류음료
33,201904,1,5,6,1,569,27000,11710647,서울특별시,송파구,위례동,L,기타 상품 및 서비스
34,201803,2,4,3,10,65,5000,11680700,서울특별시,강남구,세곡동,C,의류 및 신발
35,201911,2,2,3,44,10,133000,11620695,서울특별시,관악구,신림동,A,식료품 및 비주류음료
36,201806,1,2,2,57,18,7000,11680610,서울특별시,강남구,대치2동,C,의류 및 신발
37,201901,1,5,5,2,24,10000,11650620,서울특별시,서초구,방배3동,L,기타 상품 및 서비스
38,201910,1,4,6,13,4,15000,11710590,서울특별시,송파구,송파2동,A,식료품 및 비주류음료
39,201907,1,2,5,1,27,1520000,11680531,서울특별시,강남구,논현2동,B,주류 및 담배
40,201807,1,3,6,2,2,5774000,11305620,서울특별시,강북구,수유2동,I,오락 및 문화
41,201809,1,5,4,1,62,95000,11650620,서울특별시,서초구,방배3동,J,교육
42,201903,2,4,6,8,3,18000,11710531,서울특별시,송파구,거여1동,J,교육
43,201910,1,3,3,4,1,47000,11500615,서울특별시,강서구,우장산동,B,주류 및 담배
44,201912,2,3,3,2,1,109000,11350700,서울특별시,노원구,상계8동,B,주류 및 담배
45,201911,1,5,2,1,4,36000,11110710,서울특별시,종로구,숭인제2동,E,가정용품 및 가사 서비스
46,201910,1,3,6,7,22,5000,11320680,서울특별시,도봉구,쌍문제3동,G,교통
47,201805,1,6,6,32,41,38000,11710610,서울특별시,송파구,삼전동,L,기타 상품 및 서비스
48,201903,2,5,5,98,2,18000,11290760,서울특별시,성북구,장위제1동,B,주류 및 담배
49,201810,1,3,1,1,2,15000,11290780,서울특별시,성북구,장위제3동,I,오락 및 문화
50,201809,1,2,4,1,4,179000,11590530,서울특별시,동작구,상도제1동,A,식료품 및 비주류음료
51,201905,1,4,4,5,1,40000,11350619,서울특별시,노원구,중계본동,L,기타 상품 및 서비스
52,201904,1,4,4,7,16,1632000,11650581,서울특별시,서초구,반포4동,B,주류 및 담배
53,201906,1,3,5,49,3,1138000,11110530,서울특별시,종로구,사직동,I,오락 및 문화
54,201812,2,4,3,10,1,109000,11410565,서울특별시,서대문구,충현동,B,주류 및 담배
55,201803,2,5,5,7,4,2000,11230740,서울특별시,동대문구,이문제1동,E,가정용품 및 가사 서비스
56,201906,2,7,3,1,1,24000,11350570,서울특별시,노원구,월계2동,A,식료품 및 비주류음료
57,201904,2,3,3,84,7,52000,11440555,서울특별시,마포구,아현동,J,교육
58,201906,2,5,6,51,17,5000,11290590,서울특별시,성북구,돈암제2동,E,가정용품 및 가사 서비스
59,201806,1,4,5,8,204,18000,11410720,서울특별시,서대문구,북가좌제2동,E,가정용품 및 가사 서비스
60,201804,1,1,1,42,158,1664000,11200660,서울특별시,성동구,성수1가제2동,L,기타 상품 및 서비스
61,201906,2,6,6,2,3,262000,11320680,서울특별시,도봉구,쌍문제3동,J,교육
62,201801,1,6,3,8,435,13000,11410565,서울특별시,서대문구,충현동,B,주류 및 담배
63,201803,1,4,4,2,32,1055000,11380551,서울특별시,은평구,갈현제1동,E,가정용품 및 가사 서비스
64,201903,2,4,4,18,87,270000,11650530,서울특별시,서초구,서초3동,L,기타 상품 및 서비스
65,201804,2,7,3,14,2,10000,11500611,서울특별시,강서구,발산제1동,E,가정용품 및 가사 서비스
66,201907,2,3,3,1,2,1890000,11500530,서울특별시,강서구,등촌제2동,E,가정용품 및 가사 서비스
67,201911,2,6,6,1,1,256000,11500630,서울특별시,강서구,방화제1동,L,기타 상품 및 서비스
68,201901,2,7,4,18,15,80000,11200580,서울특별시,성동구,응봉동,A,식료품 및 비주류음료
69,201803,2,3,5,1,3,40000,11200790,서울특별시,성동구,용답동,B,주류 및 담배
70,201807,1,3,3,32,73,10000,11350640,서울특별시,노원구,상계2동,A,식료품 및 비주류음료
71,201901,2,6,4,1,9,37000,11230600,서울특별시,동대문구,답십리제1동,L,기타 상품 및 서비스
72,201907,1,2,6,4,50,5000,11380631,서울특별시,은평구,신사제1동,A,식료품 및 비주류음료
73,201906,2,2,4,1,9,5000,11410720,서울특별시,서대문구,북가좌제2동,A,식료품 및 비주류음료
74,201805,2,5,5,1,4,1915000,11140605,서울특별시,중구,을지로동,J,교육
75,201810,2,4,5,1,423,1000,11500640,서울특별시,강서구,방화제2동,E,가정용품 및 가사 서비스
76,201901,2,6,4,2,626,77000,11230705,서울특별시,동대문구,청량리동,E,가정용품 및 가사 서비스
77,201802,2,1,2,1,31,32000,11440690,서울특별시,마포구,망원제1동,I,오락 및 문화
78,201902,1,4,4,3,3,28000,11470640,서울특별시,양천구,신정3동,E,가정용품 및 가사 서비스
79,201901,2,6,2,572,2,65000,11170560,서울특별시,용산구,원효로제1동,E,가정용품 및 가사 서비스
80,201812,2,3,3,2,15,892000,11650610,서울특별시,서초구,방배2동,E,가정용품 및 가사 서비스
81,201807,1,3,6,2,71,1182000,11590680,서울특별시,동작구,신대방제2동,J,교육
82,201908,1,3,3,254,12,1715000,11500603,서울특별시,강서구,가양제1동,B,주류 및 담배
83,201902,2,2,4,111,1,155000,11380551,서울특별시,은평구,갈현제1동,I,오락 및 문화
84,201802,2,7,6,4,2,259000,11710580,서울특별시,송파구,송파1동,J,교육
85,201902,2,3,5,2,35,1054000,11350619,서울특별시,노원구,중계본동,E,가정용품 및 가사 서비스
86,201803,2,4,3,90,1,47000,11380552,서울특별시,은평구,갈현제2동,C,의류 및 신발
87,201812,2,2,3,11,2,2000,11380530,서울특별시,은평구,불광제2동,F,보건
88,201907,2,6,2,4,1,34000,11200560,서울특별시,성동구,행당제1동,E,가정용품 및 가사 서비스
89,201802,2,2,4,8,2,171000,11530730,서울특별시,구로구,고척제2동,A,식료품 및 비주류음료
90,201909,2,2,3,2,22,14000,11320670,서울특별시,도봉구,쌍문제2동,A,식료품 및 비주류음료
91,201807,1,6,5,96,1,270000,11620605,서울특별시,관악구,은천동,B,주류 및 담배
92,201806,2,5,6,23,11,42000,11320512,서울특별시,도봉구,창제2동,A,식료품 및 비주류음료
93,201905,2,1,6,17,12,273000,11545620,서울특별시,금천구,독산제2동,B,주류 및 담배
94,201807,2,6,4,3,50,151000,11710641,서울특별시,송파구,문정1동,J,교육
95,201810,2,5,4,2,7,1000,11440680,서울특별시,마포구,합정동,A,식료품 및 비주류음료
96,201901,2,7,5,23,4,5000,11545640,서울특별시,금천구,독산제4동,A,식료품 및 비주류음료
97,201810,1,6,5,21,60,30178000,11470540,서울특별시,양천구,목4동,L,기타 상품 및 서비스
98,201912,2,4,3,2,42,203000,11470640,서울특별시,양천구,신정3동,E,가정용품 및 가사 서비스
99,201904,1,3,6,4,123,3729000,11740560,서울특별시,강동구,고덕제2동,B,주류 및 담배
100,201905,2,3,3,5,1,1814000,11140540,서울특별시,중구,회현동,B,주류 및 담배
101,201808,1,6,4,7,3,4525000,11215750,서울특별시,광진구,중곡제2동,I,오락 및 문화
102,201812,2,2,3,3,26,64000,11680521,서울특별시,강남구,논현1동,L,기타 상품 및 서비스
103,201810,2,5,3,14,6,5000,11620615,서울특별시,관악구,중앙동,E,가정용품 및 가사 서비스
104,201801,2,2,2,7,951,525000,11230660,서울특별시,동대문구,장안제2동,I,오락 및 문화
105,201804,2,6,6,1,2,124000,11380631,서울특별시,은평구,신사제1동,E,가정용품 및 가사 서비스
106,201808,2,2,4,49,3,14000,11170690,서울특별시,용산구,서빙고동,B,주류 및 담배
107,201905,1,6,2,94,1,66000,11215810,서울특별시,광진구,광장동,A,식료품 및 비주류음료
108,201807,1,3,6,186,311,156000,11440740,서울특별시,마포구,상암동,L,기타 상품 및 서비스
109,201904,2,2,5,1,18,2000,11500593,서울특별시,강서구,화곡제8동,I,오락 및 문화
110,201802,1,3,6,1,4,9094000,11500560,서울특별시,강서구,화곡제3동,A,식료품 및 비주류음료
111,201909,2,7,6,1,28,11924000,11410710,서울특별시,서대문구,북가좌제1동,B,주류 및 담배
112,201906,1,3,3,1,2,11000,11590560,서울특별시,동작구,상도제4동,F,보건
113,201811,1,4,5,1,5,787000,11620775,서울특별시,관악구,난곡동,E,가정용품 및 가사 서비스
114,201907,2,2,5,4,4,95000,11350619,서울특별시,노원구,중계본동,L,기타 상품 및 서비스
115,201908,2,3,3,14,2,351000,11290810,서울특별시,성북구,석관동,A,식료품 및 비주류음료
116,201804,1,2,6,1,2,55000,11320512,서울특별시,도봉구,창제2동,G,교통
117,201812,2,3,5,1,26,503000,11650600,서울특별시,서초구,방배1동,E,가정용품 및 가사 서비스
118,201909,2,5,5,1,1,138000,11350710,서울특별시,노원구,상계9동,C,의류 및 신발
119,201911,1,5,4,10,4,73000,11680655,서울특별시,강남구,도곡1동,B,주류 및 담배
120,201810,2,4,6,5,2,90000,11410655,서울특별시,서대문구,홍제제2동,E,가정용품 및 가사 서비스
121,201904,1,3,4,8,7,55000,11230730,서울특별시,동대문구,휘경제2동,C,의류 및 신발
122,201807,1,5,2,2,2,116000,11200570,서울특별시,성동구,행당제2동,B,주류 및 담배
123,201807,2,3,5,8,1,91000,11740540,서울특별시,강동구,명일제2동,J,교육
124,201910,2,3,4,6,1,18000,11110560,서울특별시,종로구,평창동,F,보건
125,201912,2,5,5,3,7,22000,11200660,서울특별시,성동구,성수1가제2동,J,교육
126,201905,2,4,5,201,10,15000,11530720,서울특별시,구로구,고척제1동,J,교육
127,201803,1,7,4,16,13,976000,11710632,서울특별시,송파구,가락2동,B,주류 및 담배
128,201911,1,3,2,11,1,8000,11215840,서울특별시,광진구,자양제3동,E,가정용품 및 가사 서비스
129,201803,2,5,5,14,30,18000,11230560,서울특별시,동대문구,전농제1동,L,기타 상품 및 서비스
130,201801,1,5,5,2,11,106000,11650560,서울특별시,서초구,반포1동,L,기타 상품 및 서비스
131,201803,1,3,6,12,10,2000,11170510,서울특별시,용산구,후암동,A,식료품 및 비주류음료
132,201902,2,6,4,2,38,363000,11560700,서울특별시,영등포구,대림제1동,B,주류 및 담배
133,201805,1,4,3,1,1,25000,11470600,서울특별시,양천구,신월5동,L,기타 상품 및 서비스
134,201901,1,5,3,8,3,37000,11170510,서울특별시,용산구,후암동,G,교통
135,201907,2,5,2,12,42,12000,11170685,서울특별시,용산구,한남동,I,오락 및 문화
136,201903,1,6,6,17,1,13000,11110690,서울특별시,종로구,창신제3동,I,오락 및 문화
137,201905,2,6,4,4,5,96000,11215730,서울특별시,광진구,군자동,F,보건
138,201905,1,3,5,1,256,16000,11200520,서울특별시,성동구,왕십리제2동,L,기타 상품 및 서비스
139,201802,1,2,5,2,1,23000,11380530,서울특별시,은평구,불광제2동,L,기타 상품 및 서비스
140,201901,2,2,3,31,14,1699000,11590680,서울특별시,동작구,신대방제2동,A,식료품 및 비주류음료
141,201911,2,5,3,75,2,306000,11350720,서울특별시,노원구,상계10동,L,기타 상품 및 서비스
142,201801,2,4,3,1,21,7000,11260570,서울특별시,중랑구,면목제7동,J,교육
143,201806,2,2,2,303,20,68000,11680690,서울특별시,강남구,개포4동,J,교육
144,201811,2,4,3,42,1,282000,11305606,서울특별시,강북구,번3동,L,기타 상품 및 서비스
145,201905,2,7,4,54,7,44000,11650510,서울특별시,서초구,서초1동,G,교통
146,201804,2,4,3,1,49,272000,11620765,서울특별시,관악구,미성동,E,가정용품 및 가사 서비스
147,201906,2,2,3,107,2,32000,11140615,서울특별시,중구,신당동,B,주류 및 담배
148,201901,2,6,3,25,18,10000,11410640,서울특별시,서대문구,홍제제3동,C,의류 및 신발
149,201912,1,4,4,10,1,231000,11305610,서울특별시,강북구,수유1동,B,주류 및 담배
150,201907,1,2,3,3,5,170000,11500605,서울특별시,강서구,가양제3동,J,교육
151,201911,2,3,3,1,27,624000,11530760,서울특별시,구로구,개봉제3동,G,교통
152,201906,1,5,5,1,936,1000,11710510,서울특별시,송파구,풍납1동,L,기타 상품 및 서비스
153,201809,2,7,1,42,35,305000,11170690,서울특별시,용산구,서빙고동,A,식료품 및 비주류음료
154,201903,1,1,4,1,2,12000,11680660,서울특별시,강남구,개포1동,J,교육
155,201902,2,2,4,19,14,22000,11590680,서울특별시,동작구,신대방제2동,L,기타 상품 및 서비스
156,201909,1,4,5,7,55,108000,11200590,서울특별시,성동구,금호1가동,L,기타 상품 및 서비스
157,201910,1,7,3,5,28,6421000,11260550,서울특별시,중랑구,면목제5동,A,식료품 및 비주류음료
158,201901,2,1,4,9,437,882000,11215847,서울특별시,광진구,자양제4동,E,가정용품 및 가사 서비스
159,201906,1,4,3,6,7,169000,11200690,서울특별시,성동구,성수2가제3동,L,기타 상품 및 서비스
160,201803,1,5,5,1,30,48000,11500615,서울특별시,강서구,우장산동,L,기타 상품 및 서비스
161,201806,2,3,3,2,86,91000,11410620,서울특별시,서대문구,홍제제1동,B,주류 및 담배
162,201911,1,4,6,1,6,170000,11350640,서울특별시,노원구,상계2동,E,가정용품 및 가사 서비스
163,201907,2,6,6,1,105,459000,11710642,서울특별시,송파구,문정2동,A,식료품 및 비주류음료
164,201812,1,4,5,88,89,122000,11545680,서울특별시,금천구,시흥제2동,A,식료품 및 비주류음료
165,201810,1,2,6,46,6,1000,11500510,서울특별시,강서구,염창동,B,주류 및 담배
166,201911,1,6,5,91,4,8000,11110540,서울특별시,종로구,삼청동,E,가정용품 및 가사 서비스
167,201808,2,4,5,22,4,5000,11680690,서울특별시,강남구,개포4동,A,식료품 및 비주류음료
168,201909,2,4,2,139,17,33000,11620525,서울특별시,관악구,보라매동,A,식료품 및 비주류음료
169,201908,1,2,4,22,112,20000,11470630,서울특별시,양천구,신정2동,C,의류 및 신발
170,201812,2,5,3,2,6,620000,11410565,서울특별시,서대문구,충현동,L,기타 상품 및 서비스
171,201908,2,5,3,1,1,88000,11590651,서울특별시,동작구,사당제5동,I,오락 및 문화
172,201806,2,3,3,1304,14,93000,11500510,서울특별시,강서구,염창동,I,오락 및 문화
173,201812,2,3,5,4,11,22000,11530770,서울특별시,구로구,오류제1동,E,가정용품 및 가사 서비스
174,201811,2,5,6,53,3,1000,11230705,서울특별시,동대문구,청량리동,E,가정용품 및 가사 서비스
175,201909,2,4,2,52,59,1000,11170520,서울특별시,용산구,용산2가동,I,오락 및 문화
176,201807,2,4,3,2,24,63000,11215780,서울특별시,광진구,능동,E,가정용품 및 가사 서비스
177,201810,2,4,4,11,136,12066000,11530595,서울특별시,구로구,가리봉동,A,식료품 및 비주류음료
178,201805,2,4,2,1,2,75000,11650620,서울특별시,서초구,방배3동,B,주류 및 담배
179,201910,2,3,3,2,14,56000,11305610,서울특별시,강북구,수유1동,G,교통
180,201902,2,3,3,9,74,63000,11410555,서울특별시,서대문구,북아현동,A,식료품 및 비주류음료
181,201810,2,7,2,194,234,30000,11530790,서울특별시,구로구,수궁동,E,가정용품 및 가사 서비스
182,201907,1,3,4,3,4,77000,11440680,서울특별시,마포구,합정동,I,오락 및 문화
183,201910,2,4,5,5,4,9000,11590540,서울특별시,동작구,상도제2동,E,가정용품 및 가사 서비스
184,201812,2,2,5,3,1,332000,11500510,서울특별시,강서구,염창동,E,가정용품 및 가사 서비스
185,201808,1,6,5,1,18,2000,11680510,서울특별시,강남구,신사동,B,주류 및 담배
186,201810,1,7,4,7,294,697000,11680510,서울특별시,강남구,신사동,B,주류 및 담배
187,201903,1,6,3,17,1,161000,11740530,서울특별시,강동구,명일제1동,B,주류 및 담배
188,201910,2,7,4,9,1,27000,11710610,서울특별시,송파구,삼전동,J,교육
189,201811,2,6,5,3,18,6000,11740550,서울특별시,강동구,고덕제1동,E,가정용품 및 가사 서비스
190,201803,1,4,3,2,29,34000,11350624,서울특별시,노원구,중계4동,E,가정용품 및 가사 서비스
191,201806,2,2,4,9,3,29000,11500615,서울특별시,강서구,우장산동,G,교통
192,201811,1,1,3,17,28,1000,11620685,서울특별시,관악구,신사동,E,가정용품 및 가사 서비스
193,201808,1,4,4,1,2,700000,11680630,서울특별시,강남구,대치4동,E,가정용품 및 가사 서비스
194,201805,2,4,3,2,34,138000,11380530,서울특별시,은평구,불광제2동,L,기타 상품 및 서비스
195,201910,1,5,6,46,15,99000,11680730,서울특별시,강남구,일원1동,L,기타 상품 및 서비스
196,201801,1,3,5,27,34,64000,11350720,서울특별시,노원구,상계10동,E,가정용품 및 가사 서비스
197,201910,1,2,5,1,57,8000,11410615,서울특별시,서대문구,연희동,A,식료품 및 비주류음료
198,201908,2,5,1,3,7,35000,11110600,서울특별시,종로구,가회동,B,주류 및 담배
199,201805,2,5,2,2,1,10000,11380530,서울특별시,은평구,불광제2동,L,기타 상품 및 서비스
200,201904,1,5,2,2,7,209000,11500535,서울특별시,강서구,등촌제3동,E,가정용품 및 가사 서비스
201,201901,1,5,3,460,2,19000,11320710,서울특별시,도봉구,방학제3동,B,주류 및 담배
202,201802,1,5,3,259,1776,142000,11710550,서울특별시,송파구,마천2동,L,기타 상품 및 서비스
203,201805,1,6,3,3,4,36000,11470630,서울특별시,양천구,신정2동,B,주류 및 담배
204,201910,2,3,3,2,1,5536000,11305590,서울특별시,강북구,번1동,E,가정용품 및 가사 서비스
205,201901,2,4,4,1,38,797000,11410620,서울특별시,서대문구,홍제제1동,G,교통
206,201806,2,3,5,6,35,40000,11320511,서울특별시,도봉구,창제1동,A,식료품 및 비주류음료
207,201905,2,4,1,28,14,15000,11530540,서울특별시,구로구,구로제3동,A,식료품 및 비주류음료
208,201805,2,6,2,10,15,36000,11140680,서울특별시,중구,중림동,L,기타 상품 및 서비스
209,201803,1,5,3,104,258,472000,11650530,서울특별시,서초구,서초3동,A,식료품 및 비주류음료
210,201906,2,3,3,1,2,36000,11215710,서울특별시,광진구,화양동,A,식료품 및 비주류음료
211,201908,2,3,4,173,10,770000,11500530,서울특별시,강서구,등촌제2동,A,식료품 및 비주류음료
212,201904,2,6,3,3,70,173000,11680690,서울특별시,강남구,개포4동,E,가정용품 및 가사 서비스
213,201806,1,4,2,156,4,100000,11380520,서울특별시,은평구,불광제1동,E,가정용품 및 가사 서비스
214,201909,1,5,3,12,1,3000,11680700,서울특별시,강남구,세곡동,L,기타 상품 및 서비스
215,201904,2,4,3,2,6,11000,11380552,서울특별시,은평구,갈현제2동,A,식료품 및 비주류음료
216,201911,1,5,3,8,2,373000,11410710,서울특별시,서대문구,북가좌제1동,J,교육
217,201904,2,6,5,10,1,21000,11710531,서울특별시,송파구,거여1동,G,교통
218,201909,2,7,6,4,1,642000,11305590,서울특별시,강북구,번1동,A,식료품 및 비주류음료
219,201803,2,6,5,17,26,232000,11680630,서울특별시,강남구,대치4동,L,기타 상품 및 서비스
220,201803,1,4,3,6,6,501000,11215820,서울특별시,광진구,자양제1동,B,주류 및 담배
221,201801,1,3,4,12,144,12000,11740700,서울특별시,강동구,둔촌제2동,I,오락 및 문화
222,201812,1,3,1,1,9,101000,11170555,서울특별시,용산구,청파동,C,의류 및 신발
223,201801,1,3,5,5,6,547000,11440585,서울특별시,마포구,도화동,C,의류 및 신발
224,201801,2,4,5,10,2,272000,11380552,서울특별시,은평구,갈현제2동,B,주류 및 담배
225,201810,1,7,3,3,73,10000,11350560,서울특별시,노원구,월계1동,B,주류 및 담배
226,201808,2,7,2,1,9,23000,11350720,서울특별시,노원구,상계10동,J,교육
227,201912,2,5,3,25,9,6000,11215730,서울특별시,광진구,군자동,F,보건
228,201809,1,7,4,3,36,1105000,11530780,서울특별시,구로구,오류제2동,L,기타 상품 및 서비스
229,201906,1,2,6,15,36,23000,11380690,서울특별시,은평구,진관동,I,오락 및 문화
230,201811,1,3,6,65,152,28000,11680655,서울특별시,강남구,도곡1동,A,식료품 및 비주류음료
231,201805,2,5,6,30,21,13000,11350570,서울특별시,노원구,월계2동,I,오락 및 문화
232,201904,2,5,4,82,130,93000,11320514,서울특별시,도봉구,창제4동,L,기타 상품 및 서비스
233,201901,2,4,3,19,1075,3000,11410565,서울특별시,서대문구,충현동,B,주류 및 담배
234,201803,2,3,4,143,83,65000,11710610,서울특별시,송파구,삼전동,L,기타 상품 및 서비스
235,201811,1,4,5,1,18,2000,11620645,서울특별시,관악구,서원동,E,가정용품 및 가사 서비스
236,201912,2,2,5,32,10,4000,11140540,서울특별시,중구,회현동,C,의류 및 신발
237,201805,1,3,2,74,17,43000,11200550,서울특별시,성동구,사근동,I,오락 및 문화
238,201906,1,4,5,2,72,37000,11710620,서울특별시,송파구,가락본동,E,가정용품 및 가사 서비스
239,201905,2,3,2,1,10,5579000,11710650,서울특별시,송파구,잠실본동,J,교육
240,201909,1,4,1,1,114,1000,11110650,서울특별시,종로구,혜화동,A,식료품 및 비주류음료
241,201901,2,5,3,7,10,293000,11110690,서울특별시,종로구,창신제3동,I,오락 및 문화
242,201807,1,6,3,8,988,26000,11200660,서울특별시,성동구,성수1가제2동,C,의류 및 신발
243,201811,2,3,3,1,1,14000,11530760,서울특별시,구로구,개봉제3동,I,오락 및 문화
244,201802,1,4,4,2,10,8000,11200615,서울특별시,성동구,금호2.3가동,E,가정용품 및 가사 서비스
245,201808,2,6,4,1,44,33000,11140625,서울특별시,중구,다산동,B,주류 및 담배
246,201805,2,2,2,1,1,2934000,11290630,서울특별시,성북구,정릉제2동,I,오락 및 문화
247,201806,1,6,4,14,59,13000,11710642,서울특별시,송파구,문정2동,A,식료품 및 비주류음료
248,201805,1,4,4,39,11,8000,11710642,서울특별시,송파구,문정2동,C,의류 및 신발
249,201810,2,3,2,121,2,35000,11410565,서울특별시,서대문구,충현동,L,기타 상품 및 서비스
250,201803,1,4,3,1,2,229000,11500570,서울특별시,강서구,화곡제4동,L,기타 상품 및 서비스
251,201908,1,6,4,4,2,16000,11650530,서울특별시,서초구,서초3동,G,교통
252,201810,1,2,6,804,2,465000,11380640,서울특별시,은평구,증산동,A,식료품 및 비주류음료
253,201810,2,3,3,34,1,28000,11560620,서울특별시,영등포구,양평제2동,A,식료품 및 비주류음료
254,201804,1,5,5,11,2,972000,11545620,서울특별시,금천구,독산제2동,B,주류 및 담배
255,201807,1,3,5,43,2,38000,11350600,서울특별시,노원구,공릉2동,I,오락 및 문화
256,201805,2,5,6,23,4,46000,11215710,서울특별시,광진구,화양동,A,식료품 및 비주류음료
257,201808,1,4,6,7,2,555000,11500560,서울특별시,강서구,화곡제3동,E,가정용품 및 가사 서비스
258,201804,1,3,4,6,2,905000,11530790,서울특별시,구로구,수궁동,E,가정용품 및 가사 서비스
259,201907,2,7,2,16,5,354000,11230600,서울특별시,동대문구,답십리제1동,I,오락 및 문화
260,201910,1,2,5,30,20,433000,11290610,서울특별시,성북구,보문동,A,식료품 및 비주류음료
261,201905,2,5,5,1,3,31000,11170690,서울특별시,용산구,서빙고동,E,가정용품 및 가사 서비스
262,201811,1,4,3,2,2,1980000,11470611,서울특별시,양천구,신월7동,C,의류 및 신발
263,201801,2,4,6,7,2,54000,11440720,서울특별시,마포구,성산제1동,E,가정용품 및 가사 서비스
264,201902,1,5,6,2,3,8000,11260600,서울특별시,중랑구,중화제1동,A,식료품 및 비주류음료
265,201908,2,5,3,1,5,42000,11230560,서울특별시,동대문구,전농제1동,I,오락 및 문화
266,201908,1,4,2,12,1,475000,11590630,서울특별시,동작구,사당제2동,E,가정용품 및 가사 서비스
267,201904,1,3,2,14,1,699000,11710647,서울특별시,송파구,위례동,A,식료품 및 비주류음료
268,201903,1,4,5,43,1,3000,11260690,서울특별시,중랑구,신내2동,A,식료품 및 비주류음료
269,201810,1,3,5,157,37,729000,11470680,서울특별시,양천구,신정7동,G,교통
270,201907,1,3,4,27,7,194000,11350580,서울특별시,노원구,월계3동,E,가정용품 및 가사 서비스
271,201801,2,7,5,6,3,1423000,11590680,서울특별시,동작구,신대방제2동,A,식료품 및 비주류음료
272,201805,1,2,5,1,4,46000,11290685,서울특별시,성북구,길음제2동,A,식료품 및 비주류음료
273,201908,2,1,4,5,1,284000,11590660,서울특별시,동작구,대방동,A,식료품 및 비주류음료
274,201904,1,4,3,6,18,159000,11305555,서울특별시,강북구,송천동,I,오락 및 문화
275,201905,1,3,4,2,1,786000,11230545,서울특별시,동대문구,제기동,A,식료품 및 비주류음료
276,201912,2,6,6,83,1893,25000,11680545,서울특별시,강남구,압구정동,L,기타 상품 및 서비스
277,201803,1,2,6,1,1,3000,11380552,서울특별시,은평구,갈현제2동,L,기타 상품 및 서비스
278,201808,2,4,3,1,32,186000,11740550,서울특별시,강동구,고덕제1동,L,기타 상품 및 서비스
279,201910,1,5,6,145,1,2000,11380650,서울특별시,은평구,수색동,A,식료품 및 비주류음료
280,201808,2,5,4,9,22,166000,11110600,서울특별시,종로구,가회동,A,식료품 및 비주류음료
281,201904,1,6,6,37,2,15000,11710647,서울특별시,송파구,위례동,B,주류 및 담배
282,201809,2,2,5,7,14,8000,11560690,서울특별시,영등포구,신길제7동,L,기타 상품 및 서비스
283,201907,1,3,3,3,2,440000,11320700,서울특별시,도봉구,방학제2동,C,의류 및 신발
284,201806,2,4,5,2,6,1940000,11710650,서울특별시,송파구,잠실본동,A,식료품 및 비주류음료
285,201909,2,7,6,5,4,5000,11560540,서울특별시,영등포구,여의동,B,주류 및 담배
286,201909,1,2,4,27,2,9000,11530540,서울특별시,구로구,구로제3동,J,교육
287,201809,1,3,5,8,4,48000,11110540,서울특별시,종로구,삼청동,L,기타 상품 및 서비스
288,201811,2,6,3,1,2,5000,11530740,서울특별시,구로구,개봉제1동,A,식료품 및 비주류음료
289,201807,2,5,4,1,34,5000,11500540,서울특별시,강서구,화곡제1동,E,가정용품 및 가사 서비스
290,201909,2,6,6,6,1,295000,11140590,서울특별시,중구,광희동,B,주류 및 담배
291,201802,1,3,4,95,10,48000,11230705,서울특별시,동대문구,청량리동,E,가정용품 및 가사 서비스
292,201902,2,5,4,1,157,30000,11530750,서울특별시,구로구,개봉제2동,F,보건
293,201902,2,1,6,5,3,3281000,11470600,서울특별시,양천구,신월5동,E,가정용품 및 가사 서비스
294,201904,1,3,5,1,4,279000,11545510,서울특별시,금천구,가산동,B,주류 및 담배
295,201906,2,7,6,3,36,10000,11200535,서울특별시,성동구,왕십리도선동,A,식료품 및 비주류음료
296,201905,1,2,2,38,16,49000,11410520,서울특별시,서대문구,천연동,F,보건
297,201908,2,5,4,140,1,358000,11530770,서울특별시,구로구,오류제1동,E,가정용품 및 가사 서비스
298,201904,2,6,2,49,44,43000,11215760,서울특별시,광진구,중곡제3동,B,주류 및 담배
299,201809,2,5,6,1,5,1977000,11200580,서울특별시,성동구,응봉동,A,식료품 및 비주류음료
300,201806,1,3,1,34,84,112000,11590560,서울특별시,동작구,상도제4동,J,교육
301,201801,1,2,6,291,213,899000,11650590,서울특별시,서초구,방배본동,B,주류 및 담배
302,201907,2,6,5,2,2,28000,11410655,서울특별시,서대문구,홍제제2동,F,보건
303,201811,1,3,3,1,28,207000,11380632,서울특별시,은평구,신사제2동,A,식료품 및 비주류음료
304,201809,1,4,4,7,37,3000,11680700,서울특별시,강남구,세곡동,A,식료품 및 비주류음료
305,201805,2,6,5,1,5,2804000,11200550,서울특별시,성동구,사근동,C,의류 및 신발
306,201806,1,4,6,7,2,810000,11170700,서울특별시,용산구,보광동,E,가정용품 및 가사 서비스
307,201810,1,5,3,34,1,2000,11710650,서울특별시,송파구,잠실본동,E,가정용품 및 가사 서비스
308,201905,1,3,6,7,1,1815000,11500540,서울특별시,강서구,화곡제1동,G,교통
309,201809,1,5,3,40,1,6000,11170650,서울특별시,용산구,이태원제1동,B,주류 및 담배
310,201802,1,6,2,64,3,104000,11320670,서울특별시,도봉구,쌍문제2동,A,식료품 및 비주류음료
311,201802,1,2,6,30,10,7000,11380580,서울특별시,은평구,응암제1동,I,오락 및 문화
312,201812,2,3,2,127,4,7000,11200615,서울특별시,성동구,금호2.3가동,I,오락 및 문화
313,201912,1,5,6,193,9,634000,11290760,서울특별시,성북구,장위제1동,L,기타 상품 및 서비스
314,201902,2,3,4,51,50,1447000,11380600,서울특별시,은평구,응암제3동,G,교통
315,201902,1,2,2,63,60,17000,11650540,서울특별시,서초구,잠원동,B,주류 및 담배
316,201904,1,5,2,3,38,10000,11470680,서울특별시,양천구,신정7동,E,가정용품 및 가사 서비스
317,201805,1,5,5,3,111,239000,11680690,서울특별시,강남구,개포4동,A,식료품 및 비주류음료
318,201807,2,6,4,2,3,32000,11650570,서울특별시,서초구,반포2동,I,오락 및 문화
319,201806,1,6,4,437,461,1359000,11620665,서울특별시,관악구,서림동,E,가정용품 및 가사 서비스
320,201810,2,3,3,206,1260,33000,11170640,서울특별시,용산구,이촌제2동,L,기타 상품 및 서비스
321,201805,1,4,5,14,53,1000,11305630,서울특별시,강북구,수유3동,E,가정용품 및 가사 서비스
322,201809,2,3,6,7,7,355000,11710641,서울특별시,송파구,문정1동,A,식료품 및 비주류음료
323,201901,2,2,2,1,8,338000,11500591,서울특별시,강서구,화곡제6동,L,기타 상품 및 서비스
324,201810,2,5,4,2,10,10000,11500590,서울특별시,강서구,화곡본동,C,의류 및 신발
325,201810,2,4,6,54,13,4000,11290555,서울특별시,성북구,삼선동,A,식료품 및 비주류음료
326,201811,2,5,6,86,4,1000,11680750,서울특별시,강남구,수서동,C,의류 및 신발
327,201906,1,7,3,2,3,118000,11560670,서울특별시,영등포구,신길제5동,B,주류 및 담배
328,201903,1,6,4,12,131,39000,11560585,서울특별시,영등포구,도림동,E,가정용품 및 가사 서비스
329,201902,2,4,5,3,4,34000,11320515,서울특별시,도봉구,창제5동,A,식료품 및 비주류음료
330,201803,1,6,6,150,3,201000,11320513,서울특별시,도봉구,창제3동,L,기타 상품 및 서비스
331,201911,2,2,6,59,5,3000,11545620,서울특별시,금천구,독산제2동,I,오락 및 문화
332,201803,1,3,4,2,41,10000,11590620,서울특별시,동작구,사당제1동,C,의류 및 신발
333,201810,1,4,4,16,2,5000,11230710,서울특별시,동대문구,회기동,B,주류 및 담배
334,201801,2,3,3,2,809,34000,11740540,서울특별시,강동구,명일제2동,B,주류 및 담배
335,201908,2,5,4,3,14,1059000,11215750,서울특별시,광진구,중곡제2동,A,식료품 및 비주류음료
336,201912,1,5,4,1,9,9000,11305660,서울특별시,강북구,인수동,E,가정용품 및 가사 서비스
337,201912,2,2,4,66,71,674000,11530790,서울특별시,구로구,수궁동,J,교육
338,201906,1,3,6,12,65,4000,11260610,서울특별시,중랑구,중화제2동,G,교통
339,201901,2,7,5,94,3608,17000,11215860,서울특별시,광진구,구의제2동,B,주류 및 담배
340,201905,2,2,3,2,3,3293000,11290770,서울특별시,성북구,장위제2동,F,보건
341,201908,1,2,3,4,320,25000,11320660,서울특별시,도봉구,쌍문제1동,E,가정용품 및 가사 서비스
342,201903,2,2,5,3,16,749000,11410685,서울특별시,서대문구,홍은제2동,A,식료품 및 비주류음료
343,201803,2,4,3,1,357,402000,11500570,서울특별시,강서구,화곡제4동,A,식료품 및 비주류음료
344,201904,2,6,5,1,23,104000,11710647,서울특별시,송파구,위례동,J,교육
345,201802,1,3,2,1,16,9000,11350630,서울특별시,노원구,상계1동,L,기타 상품 및 서비스
346,201810,2,6,2,1,2,140000,11560540,서울특별시,영등포구,여의동,F,보건
347,201805,2,3,6,2,1,13000,11545670,서울특별시,금천구,시흥제1동,J,교육
348,201812,2,4,4,19,34,619000,11470680,서울특별시,양천구,신정7동,E,가정용품 및 가사 서비스
349,201802,2,3,6,19,52,57000,11215750,서울특별시,광진구,중곡제2동,A,식료품 및 비주류음료
350,201809,2,1,2,1,78,667000,11200560,서울특별시,성동구,행당제1동,B,주류 및 담배
351,201809,2,1,3,14,37,4000,11260630,서울특별시,중랑구,묵제2동,B,주류 및 담배
352,201802,2,6,4,9,1,52000,11530520,서울특별시,구로구,구로제1동,B,주류 및 담배
353,201912,1,6,3,2,4,32000,11470611,서울특별시,양천구,신월7동,I,오락 및 문화
354,201804,2,2,1,177,12,89000,11470600,서울특별시,양천구,신월5동,E,가정용품 및 가사 서비스
355,201804,2,5,5,33,362,281000,11110650,서울특별시,종로구,혜화동,F,보건
356,201906,1,5,3,65,2,311000,11740600,서울특별시,강동구,천호제1동,E,가정용품 및 가사 서비스
357,201802,2,4,2,2,1,168000,11710642,서울특별시,송파구,문정2동,L,기타 상품 및 서비스
358,201805,1,1,3,1,854,25000,11560650,서울특별시,영등포구,신길제3동,E,가정용품 및 가사 서비스
359,201907,1,3,4,6,1,1829000,11290705,서울특별시,성북구,종암동,B,주류 및 담배
360,201902,1,3,5,441,4,500000,11410690,서울특별시,서대문구,남가좌제1동,A,식료품 및 비주류음료
361,201802,2,6,4,1,17,1705000,11320511,서울특별시,도봉구,창제1동,L,기타 상품 및 서비스
362,201910,2,2,6,17,2,24000,11290780,서울특별시,성북구,장위제3동,L,기타 상품 및 서비스
363,201908,2,3,3,9,47,294000,11590510,서울특별시,동작구,노량진제1동,B,주류 및 담배
364,201906,2,7,5,3,2,21000,11410710,서울특별시,서대문구,북가좌제1동,C,의류 및 신발
365,201908,1,2,3,1,2,88000,11260680,서울특별시,중랑구,신내1동,B,주류 및 담배
366,201810,1,4,6,15,1,172000,11260540,서울특별시,중랑구,면목제4동,E,가정용품 및 가사 서비스
367,201908,1,2,5,3,726,416000,11650560,서울특별시,서초구,반포1동,E,가정용품 및 가사 서비스
368,201810,1,1,3,5,4760,10000,11710531,서울특별시,송파구,거여1동,A,식료품 및 비주류음료
369,201808,1,5,4,49,9,894000,11350625,서울특별시,노원구,중계2.3동,A,식료품 및 비주류음료
370,201802,1,2,4,19,737,11720000,11290810,서울특별시,성북구,석관동,E,가정용품 및 가사 서비스
371,201910,2,6,5,81,4,4000,11680690,서울특별시,강남구,개포4동,L,기타 상품 및 서비스
372,201808,2,6,2,106,29,15000,11440700,서울특별시,마포구,망원제2동,L,기타 상품 및 서비스
373,201802,2,5,5,35,2,15000,11200560,서울특별시,성동구,행당제1동,A,식료품 및 비주류음료
374,201903,2,6,6,1,1,8000,11590650,서울특별시,동작구,사당제4동,B,주류 및 담배
375,201805,1,6,4,9,18,888000,11530770,서울특별시,구로구,오류제1동,E,가정용품 및 가사 서비스
376,201902,1,4,5,11,926,64841000,11230750,서울특별시,동대문구,이문제2동,E,가정용품 및 가사 서비스
377,201910,1,2,3,5,1,249000,11590620,서울특별시,동작구,사당제1동,C,의류 및 신발
378,201906,1,2,5,73,1261,220000,11380580,서울특별시,은평구,응암제1동,I,오락 및 문화
379,201805,1,5,1,1,114,16000,11410620,서울특별시,서대문구,홍제제1동,A,식료품 및 비주류음료
380,201901,2,3,5,17,25,10000,11320681,서울특별시,도봉구,쌍문제4동,B,주류 및 담배
381,201803,2,4,4,20,677,639000,11440655,서울특별시,마포구,서강동,E,가정용품 및 가사 서비스
382,201905,2,5,3,5,1,684000,11230705,서울특별시,동대문구,청량리동,A,식료품 및 비주류음료
383,201910,1,3,2,3,27,122000,11170570,서울특별시,용산구,원효로제2동,E,가정용품 및 가사 서비스
384,201806,1,4,4,1,4,2000,11500630,서울특별시,강서구,방화제1동,B,주류 및 담배
385,201801,2,3,5,24,68,5000,11470570,서울특별시,양천구,신월2동,F,보건
386,201812,1,5,6,1,84,124000,11710647,서울특별시,송파구,위례동,E,가정용품 및 가사 서비스
387,201808,2,3,5,3,6,150000,11170660,서울특별시,용산구,이태원제2동,L,기타 상품 및 서비스
388,201903,2,4,4,5,237,831000,11440710,서울특별시,마포구,연남동,A,식료품 및 비주류음료
389,201912,1,3,2,3,57,26000,11305545,서울특별시,강북구,송중동,J,교육
390,201812,1,1,6,1964,4,5000,11560540,서울특별시,영등포구,여의동,B,주류 및 담배
391,201905,2,3,3,3,2,8363000,11410655,서울특별시,서대문구,홍제제2동,B,주류 및 담배
392,201808,1,7,3,5,15,120000,11680650,서울특별시,강남구,역삼2동,B,주류 및 담배
393,201809,2,7,5,1,37,117000,11620735,서울특별시,관악구,대학동,A,식료품 및 비주류음료
394,201801,1,4,4,15,13,24000,11530780,서울특별시,구로구,오류제2동,L,기타 상품 및 서비스
395,201810,2,7,5,35,342,28000,11410700,서울특별시,서대문구,남가좌제2동,C,의류 및 신발
396,201901,1,4,4,11,4,258000,11620565,서울특별시,관악구,성현동,A,식료품 및 비주류음료
397,201909,2,6,1,187,16,19000,11215730,서울특별시,광진구,군자동,C,의류 및 신발
398,201911,2,6,6,3,170,404000,11680521,서울특별시,강남구,논현1동,A,식료품 및 비주류음료
399,201908,1,4,4,17,8,228000,11230740,서울특별시,동대문구,이문제1동,L,기타 상품 및 서비스
400,201808,1,3,3,209,799,51000,11710680,서울특별시,송파구,잠실3동,J,교육
401,201801,2,6,6,5,15,1003000,11620735,서울특별시,관악구,대학동,F,보건
402,201808,2,2,2,498,13,400000,11320690,서울특별시,도봉구,방학제1동,L,기타 상품 및 서비스
403,201810,2,3,3,2,81,10000,11650531,서울특별시,서초구,서초4동,G,교통
404,201905,2,2,6,28,3,113000,11215830,서울특별시,광진구,자양제2동,B,주류 및 담배
405,201902,1,3,6,1,8,53000,11350624,서울특별시,노원구,중계4동,B,주류 및 담배
406,201803,2,2,3,1,6,38000,11170630,서울특별시,용산구,이촌제1동,C,의류 및 신발
407,201811,1,2,1,1,2,3250000,11200650,서울특별시,성동구,성수1가제1동,L,기타 상품 및 서비스
408,201801,2,3,4,2,21,31000,11620645,서울특별시,관악구,서원동,L,기타 상품 및 서비스
409,201802,1,5,3,1,14,272000,11350621,서울특별시,노원구,중계1동,A,식료품 및 비주류음료
410,201907,2,6,4,1,7,46000,11470510,서울특별시,양천구,목1동,J,교육
411,201906,2,3,6,6,52,1296000,11620685,서울특별시,관악구,신사동,E,가정용품 및 가사 서비스
412,201804,1,4,3,20,5,449000,11530530,서울특별시,구로구,구로제2동,E,가정용품 및 가사 서비스
413,201904,1,4,4,1,49,80000,11215850,서울특별시,광진구,구의제1동,B,주류 및 담배
414,201808,2,2,4,19,14,10000,11620615,서울특별시,관악구,중앙동,I,오락 및 문화
415,201908,2,4,4,2,1419,6000,11440690,서울특별시,마포구,망원제1동,A,식료품 및 비주류음료
416,201804,1,6,4,2,433,1295000,11620625,서울특별시,관악구,인헌동,J,교육
417,201804,1,4,2,1,10,8000,11410565,서울특별시,서대문구,충현동,J,교육
418,201803,1,5,3,44,12,11000,11260520,서울특별시,중랑구,면목제2동,A,식료품 및 비주류음료
419,201801,2,2,2,2,5,720000,11590530,서울특별시,동작구,상도제1동,A,식료품 및 비주류음료
420,201804,1,7,4,20,7,39000,11320515,서울특별시,도봉구,창제5동,I,오락 및 문화
421,201807,2,3,3,3,5,41000,11530730,서울특별시,구로구,고척제2동,E,가정용품 및 가사 서비스
422,201907,1,2,3,84,1,2000,11320515,서울특별시,도봉구,창제5동,A,식료품 및 비주류음료
423,201912,1,1,6,3,33,13000,11305555,서울특별시,강북구,송천동,G,교통
424,201804,2,4,3,746,1,42000,11545690,서울특별시,금천구,시흥제3동,B,주류 및 담배
425,201806,2,6,2,35,1298,1000,11710600,서울특별시,송파구,석촌동,B,주류 및 담배
426,201911,2,3,1,49,2,104000,11545640,서울특별시,금천구,독산제4동,A,식료품 및 비주류음료
427,201802,1,1,1,13,170,11000,11320512,서울특별시,도봉구,창제2동,E,가정용품 및 가사 서비스
428,201910,1,4,6,5,28,134000,11350580,서울특별시,노원구,월계3동,F,보건
429,201812,1,4,3,9,59,8000,11200790,서울특별시,성동구,용답동,L,기타 상품 및 서비스
430,201803,1,7,6,1,6,7000,11140680,서울특별시,중구,중림동,C,의류 및 신발
431,201911,2,2,6,7,1,5000,11380570,서울특별시,은평구,대조동,A,식료품 및 비주류음료
432,201908,1,2,5,20,11,90000,11470530,서울특별시,양천구,목3동,L,기타 상품 및 서비스
433,201809,1,1,2,1,47,2000,11350600,서울특별시,노원구,공릉2동,E,가정용품 및 가사 서비스
434,201804,2,5,2,14,14,14573000,11545680,서울특별시,금천구,시흥제2동,L,기타 상품 및 서비스
435,201803,2,4,5,8,6,1000,11740640,서울특별시,강동구,성내제1동,B,주류 및 담배
436,201809,2,4,5,14,5,13000,11500620,서울특별시,강서구,공항동,B,주류 및 담배
437,201911,2,4,3,2529,2,3000,11410720,서울특별시,서대문구,북가좌제2동,B,주류 및 담배
438,201910,1,4,5,69,3,3000,11350665,서울특별시,노원구,상계3.4동,L,기타 상품 및 서비스
439,201802,1,4,2,19,6,2000,11320710,서울특별시,도봉구,방학제3동,E,가정용품 및 가사 서비스
440,201808,1,6,2,9,19,1000,11710690,서울특별시,송파구,잠실4동,L,기타 상품 및 서비스
441,201910,2,4,4,39,10,4749000,11710632,서울특별시,송파구,가락2동,G,교통
442,201806,1,4,6,1,158,21000,11290575,서울특별시,성북구,동선동,B,주류 및 담배
443,201801,1,2,3,1,1,6274000,11620625,서울특별시,관악구,인헌동,C,의류 및 신발
444,201805,2,3,3,1,18,10000,11170570,서울특별시,용산구,원효로제2동,L,기타 상품 및 서비스
445,201909,1,4,5,2,31,5000,11710570,서울특별시,송파구,오금동,L,기타 상품 및 서비스
446,201808,2,3,5,13,209,15000,11650580,서울특별시,서초구,반포3동,E,가정용품 및 가사 서비스
447,201908,1,4,3,7,3547,335000,11620575,서울특별시,관악구,행운동,B,주류 및 담배
448,201810,2,2,5,4,1,95000,11650590,서울특별시,서초구,방배본동,L,기타 상품 및 서비스
449,201904,2,2,3,1,1,55000,11350624,서울특별시,노원구,중계4동,C,의류 및 신발
450,201809,2,3,6,2,1,770000,11260575,서울특별시,중랑구,면목제3.8동,I,오락 및 문화
451,201812,1,5,3,13,139,582000,11305590,서울특별시,강북구,번1동,B,주류 및 담배
452,201810,1,3,4,4,116,60000,11380590,서울특별시,은평구,응암제2동,J,교육
453,201905,2,5,4,1,18,2639000,11230570,서울특별시,동대문구,전농제2동,B,주류 및 담배
454,201803,2,4,2,43,14,15859000,11590550,서울특별시,동작구,상도제3동,B,주류 및 담배
455,201902,2,2,3,36,20,267000,11470620,서울특별시,양천구,신정1동,E,가정용품 및 가사 서비스
456,201907,1,3,1,2,75,32000,11170580,서울특별시,용산구,효창동,G,교통
457,201806,2,7,5,1,1,76000,11740640,서울특별시,강동구,성내제1동,L,기타 상품 및 서비스
458,201903,2,7,4,1,33,2320000,11680521,서울특별시,강남구,논현1동,B,주류 및 담배
459,201907,1,5,2,64,17,132000,11215740,서울특별시,광진구,중곡제1동,G,교통
460,201806,2,5,4,96,1,31000,11680690,서울특별시,강남구,개포4동,B,주류 및 담배
461,201801,2,7,5,9,1,35000,11620595,서울특별시,관악구,청룡동,B,주류 및 담배
462,201812,2,5,1,9,261,299000,11590560,서울특별시,동작구,상도제4동,B,주류 및 담배
463,201810,2,4,2,5,14,1743000,11650530,서울특별시,서초구,서초3동,B,주류 및 담배
464,201805,1,2,5,3,33,74000,11170625,서울특별시,용산구,한강로동,I,오락 및 문화
465,201811,2,3,3,34,79,453000,11680600,서울특별시,강남구,대치1동,C,의류 및 신발
466,201910,2,1,5,1,3,10000,11140645,서울특별시,중구,청구동,A,식료품 및 비주류음료
467,201912,2,6,5,1,1,29000,11470520,서울특별시,양천구,목2동,E,가정용품 및 가사 서비스
468,201811,2,7,4,113,19,239000,11140580,서울특별시,중구,장충동,L,기타 상품 및 서비스
469,201806,2,7,4,1,102,100000,11545630,서울특별시,금천구,독산제3동,A,식료품 및 비주류음료
470,201911,2,3,5,5,4,1726000,11560720,서울특별시,영등포구,대림제3동,A,식료품 및 비주류음료
471,201801,2,2,2,1,13,2000,11710650,서울특별시,송파구,잠실본동,F,보건
472,201802,1,5,4,437,16,460000,11650510,서울특별시,서초구,서초1동,E,가정용품 및 가사 서비스
473,201802,2,6,6,11,1,321000,11530540,서울특별시,구로구,구로제3동,A,식료품 및 비주류음료
474,201803,1,5,4,7,24,71000,11710550,서울특별시,송파구,마천2동,E,가정용품 및 가사 서비스
475,201802,2,3,5,5,6,19000,11710600,서울특별시,송파구,석촌동,J,교육
476,201802,2,4,2,8,9,5000,11530740,서울특별시,구로구,개봉제1동,L,기타 상품 및 서비스
477,201905,1,4,3,19,3,79000,11650530,서울특별시,서초구,서초3동,A,식료품 및 비주류음료
478,201809,1,2,4,5,1,110000,11260580,서울특별시,중랑구,상봉제1동,C,의류 및 신발
479,201912,1,3,1,4,122,643000,11560540,서울특별시,영등포구,여의동,I,오락 및 문화
480,201912,2,6,1,15,4,99000,11350630,서울특별시,노원구,상계1동,B,주류 및 담배
481,201809,2,4,3,160,30,3000,11110650,서울특별시,종로구,혜화동,L,기타 상품 및 서비스
482,201810,1,5,6,14,70,1340000,11290650,서울특별시,성북구,정릉제4동,B,주류 및 담배
483,201910,2,4,5,2,1,1296000,11410700,서울특별시,서대문구,남가좌제2동,I,오락 및 문화
484,201909,1,4,3,28,2,372000,11530750,서울특별시,구로구,개봉제2동,A,식료품 및 비주류음료
485,201803,2,3,4,17,20,42000,11710641,서울특별시,송파구,문정1동,L,기타 상품 및 서비스
486,201902,2,3,6,2,4,3000,11200520,서울특별시,성동구,왕십리제2동,E,가정용품 및 가사 서비스
487,201807,1,5,1,27,8,8000,11620525,서울특별시,관악구,보라매동,L,기타 상품 및 서비스
488,201907,2,3,4,1,277,65000,11380690,서울특별시,은평구,진관동,C,의류 및 신발
489,201903,2,2,3,1,1,19000,11590550,서울특별시,동작구,상도제3동,A,식료품 및 비주류음료
490,201812,2,3,4,33,1,152000,11740540,서울특별시,강동구,명일제2동,J,교육
491,201908,1,5,3,48,28,11000,11110630,서울특별시,종로구,종로5.6가동,J,교육
492,201812,1,4,3,41,3,78000,11230705,서울특별시,동대문구,청량리동,L,기타 상품 및 서비스
493,201812,2,6,3,7,1,10000,11140625,서울특별시,중구,다산동,I,오락 및 문화
494,201803,2,4,5,1,40,4000,11680650,서울특별시,강남구,역삼2동,A,식료품 및 비주류음료
495,201803,2,4,4,1,3,63000,11170520,서울특별시,용산구,용산2가동,L,기타 상품 및 서비스
496,201909,1,2,4,38,3,16000,11440730,서울특별시,마포구,성산제2동,A,식료품 및 비주류음료
497,201904,1,6,5,504,15,10000,11530520,서울특별시,구로구,구로제1동,B,주류 및 담배
498,201908,2,4,5,38,5,3000,11350580,서울특별시,노원구,월계3동,E,가정용품 및 가사 서비스
499,201908,1,5,1,750,215,176000,11350670,서울특별시,노원구,상계5동,F,보건
