,기준년월(STD_YM),성별코드(SEX_CD),연령대코드(AGE_CD),시간대코드(TIME_CD),구매_고객수(ACC_CNT),구매건수(PURH_CNT),구매금액(PURH_AMT),구매자지역(BUYER_AREA),구매자_시도명(B_SIDO_NM),구매자_시군구명(B_SIGNGU_NM),구매자_읍면동명(B_EMD_NM),구매지역(PURH_AREA),구매_시도명(P_SIDO_NM),구매_시군구명(P_SIGNGU_NM),구매_읍면동명(P_EMD_NM),통계청분류코드(STAT_CLASS_CD),통계청분류명(STAT_CLASS_NM)
0,201912,2,4,2,1,9,3000,11110650,서울특별시,종로구,혜화동,11710680,서울특별시,송파구,잠실3동,B,주류 및 담배
1,201804,2,3,5,3,7,1000,11620725,서울특별시,관악구,조원동,11320690,서울특별시,도봉구,방학제1동,A,식료품 및 비주류음료
2,201911,2,4,4,1,1,3000,11215840,서울특별시,광진구,자양제3동,45180,전라북도,정읍시,,C,의류 및 신발
3,201807,2,4,2,1,11,287000,11200580,서울특별시,성동구,응봉동,11290660,서울특별시,성북구,길음제1동,L,기타 상품 및 서비스
4,201906,1,4,6,4,1814,380000,11650530,서울특별시,서초구,서초3동,41360,경기도,남양주시,,A,식료품 및 비주류음료
5,201803,2,3,3,12,19,18000,11380690,서울특별시,은평구,진관동,11560610,서울특별시,영등포구,양평제1동,A,식료품 및 비주류음료
6,201904,2,3,4,4,2,9000,11500615,서울특별시,강서구,우장산동,11680650,서울특별시,강남구,역삼2동,B,주류 및 담배
7,201810,2,3,4,4,28,205000,11710566,서울특별시,송파구,오륜동,11110640,서울특별시,종로구,이화동,E,가정용품 및 가사 서비스
8,201909,1,3,5,6,2,147000,11350611,서울특별시,노원구,하계1동,41173,경기도,안양시 동안구,,B,주류 및 담배
9,201804,2,3,5,9,2,7000,11740570,서울특별시,강동구,암사제1동,11380690,서울특별시,은평구,진관동,A,식료품 및 비주류음료
10,201908,1,4,3,2,1,2000,11530540,서울특별시,구로구,구로제3동,50110,제주특별자치도,제주시,,B,주류 및 담배
11,201807,2,2,5,2,2,4000,11710690,서울특별시,송파구,잠실4동,11380530,서울특별시,은평구,불광제2동,L,기타 상품 및 서비스
12,201802,2,5,2,1,6,16000,11620695,서울특별시,관악구,신림동,11170650,서울특별시,용산구,이태원제1동,A,식료품 및 비주류음료
13,201805,1,2,3,1,1,16000,11500640,서울특별시,강서구,방화제2동,11710710,서울특별시,송파구,잠실6동,A,식료품 및 비주류음료
14,201904,2,6,4,161,58,4000,11530740,서울특별시,구로구,개봉제1동,11350695,서울특별시,노원구,상계6.7동,A,식료품 및 비주류음료
15,201905,2,3,4,1,1,62000,11320512,서울특별시,도봉구,창제2동,11350625,서울특별시,노원구,중계2.3동,A,식료품 및 비주류음료
16,201810,1,3,3,8,1,172000,11530560,서울특별시,구로구,구로제5동,11500611,서울특별시,강서구,발산제1동,E,가정용품 및 가사 서비스
17,201901,1,5,5,1,1,31000,11290620,서울특별시,성북구,정릉제1동,11560560,서울특별시,영등포구,당산제2동,A,식료품 및 비주류음료
18,201812,2,2,4,7,8,25000,11545670,서울특별시,금천구,시흥제1동,41610,경기도,광주시,,B,주류 및 담배
19,201804,2,7,5,1,11,1000,11530730,서울특별시,구로구,고척제2동,11140540,서울특별시,중구,회현동,A,식료품 및 비주류음료
20,201908,1,2,6,3,2,23000,11590650,서울특별시,동작구,사당제4동,11710680,서울특별시,송파구,잠실3동,E,가정용품 및 가사 서비스
21,201902,1,3,5,1,1,5000,11710680,서울특별시,송파구,잠실3동,29140,광주광역시,서구,,I,오락 및 문화
22,201910,2,3,3,1,4,5000,11680565,서울특별시,강남구,청담동,41630,경기도,양주시,,A,식료품 및 비주류음료
23,201803,2,2,6,1,1,8000,11170690,서울특별시,용산구,서빙고동,48123,경상남도,창원시 성산구,,A,식료품 및 비주류음료
24,201802,1,2,4,6,1,21000,11170625,서울특별시,용산구,한강로동,11710710,서울특별시,송파구,잠실6동,A,식료품 및 비주류음료
25,201812,2,6,4,1,4,3000,11215770,서울특별시,광진구,중곡제4동,28185,인천광역시,연수구,,A,식료품 및 비주류음료
26,201810,1,5,3,1,3,7000,11215810,서울특별시,광진구,광장동,11710710,서울특별시,송파구,잠실6동,A,식료품 및 비주류음료
27,201905,1,4,4,27,2,1000,11680565,서울특별시,강남구,청담동,43113,충청북도,청주시 흥덕구,,A,식료품 및 비주류음료
28,201905,2,5,3,15,1,1000,11350611,서울특별시,노원구,하계1동,11530770,서울특별시,구로구,오류제1동,E,가정용품 및 가사 서비스
29,201904,2,6,5,2,4,18000,11530560,서울특별시,구로구,구로제5동,44210,충청남도,서산시,,L,기타 상품 및 서비스
30,201911,1,7,5,1,1,12000,11260565,서울특별시,중랑구,면목본동,11290600,서울특별시,성북구,안암동,E,가정용품 및 가사 서비스
31,201804,1,5,6,1,2,1000,11500603,서울특별시,강서구,가양제1동,11320710,서울특별시,도봉구,방학제3동,L,기타 상품 및 서비스
32,201905,2,6,4,1,4,53000,11170560,서울특별시,용산구,원효로제1동,11305534,서울특별시,강북구,삼양동,A,식료품 및 비주류음료
33,201910,1,4,4,1,21,3000,11290525,서울특별시,성북구,성북동,45130,전라북도,군산시,,A,식료품 및 비주류음료
34,201903,2,3,4,1,2,60000,11680700,서울특별시,강남구,세곡동,45130,전라북도,군산시,,A,식료품 및 비주류음료
35,201911,2,4,6,1,1,32000,11710562,서울특별시,송파구,방이2동,26290,부산광역시,남구,,B,주류 및 담배
36,201811,1,2,5,7,1,4000,11500590,서울특별시,강서구,화곡본동,11710710,서울특별시,송파구,잠실6동,L,기타 상품 및 서비스
37,201811,2,2,3,1,1,2000,11230570,서울특별시,동대문구,전농제2동,41430,경기도,의왕시,,J,교육
38,201911,2,4,5,4,6,1000,11320670,서울특별시,도봉구,쌍문제2동,11680580,서울특별시,강남구,삼성1동,A,식료품 및 비주류음료
39,201805,1,5,6,3,1,45000,11200560,서울특별시,성동구,행당제1동,11440660,서울특별시,마포구,서교동,A,식료품 및 비주류음료
40,201805,2,2,2,110,1,2000,11680510,서울특별시,강남구,신사동,11230560,서울특별시,동대문구,전농제1동,I,오락 및 문화
41,201912,2,2,5,12,2,34000,11710590,서울특별시,송파구,송파2동,11530530,서울특별시,구로구,구로제2동,A,식료품 및 비주류음료
42,201812,2,4,2,8,19,40000,11290600,서울특별시,성북구,안암동,42130,강원도,원주시,,E,가정용품 및 가사 서비스
43,201812,1,6,5,1,5,1000,11650540,서울특별시,서초구,잠원동,30200,대전광역시,유성구,,A,식료품 및 비주류음료
44,201809,1,4,5,1,3,1134000,11140550,서울특별시,중구,명동,11140540,서울특별시,중구,회현동,L,기타 상품 및 서비스
45,201904,2,6,2,1,2,126000,11680656,서울특별시,강남구,도곡2동,41150,경기도,의정부시,,A,식료품 및 비주류음료
46,201912,1,6,5,1,10,3000,11350595,서울특별시,노원구,공릉1동,11500620,서울특별시,강서구,공항동,A,식료품 및 비주류음료
47,201809,1,4,6,3,9,19000,11530540,서울특별시,구로구,구로제3동,41171,경기도,안양시 만안구,,E,가정용품 및 가사 서비스
48,201904,2,2,4,1,1,8000,11650621,서울특별시,서초구,방배4동,30200,대전광역시,유성구,,I,오락 및 문화
49,201911,1,5,2,2,4,9000,11710570,서울특별시,송파구,오금동,41830,경기도,양평군,,E,가정용품 및 가사 서비스
50,201806,2,6,3,7,3,3000,11680640,서울특별시,강남구,역삼1동,11530780,서울특별시,구로구,오류제2동,A,식료품 및 비주류음료
51,201811,1,2,2,10,1,68000,11215740,서울특별시,광진구,중곡제1동,11410660,서울특별시,서대문구,홍은제1동,E,가정용품 및 가사 서비스
52,201810,1,3,3,3,41,45000,11590550,서울특별시,동작구,상도제3동,41830,경기도,양평군,,B,주류 및 담배
53,201907,2,6,3,1,1,171000,11380560,서울특별시,은평구,구산동,11680610,서울특별시,강남구,대치2동,B,주류 및 담배
54,201812,1,4,3,6,4,4000,11110580,서울특별시,종로구,교남동,43130,충청북도,충주시,,A,식료품 및 비주류음료
55,201906,2,3,5,1,2,39000,11560605,서울특별시,영등포구,문래동,11470540,서울특별시,양천구,목4동,A,식료품 및 비주류음료
56,201910,2,4,5,104,1,2000,11500641,서울특별시,강서구,방화제3동,11710632,서울특별시,송파구,가락2동,E,가정용품 및 가사 서비스
57,201909,1,4,3,1,1,358000,11380690,서울특별시,은평구,진관동,41281,경기도,고양시 덕양구,,B,주류 및 담배
58,201911,2,4,3,52,2,57000,11260660,서울특별시,중랑구,망우제3동,11110560,서울특별시,종로구,평창동,A,식료품 및 비주류음료
59,201907,1,4,4,10,15,1315000,11590620,서울특별시,동작구,사당제1동,11500560,서울특별시,강서구,화곡제3동,E,가정용품 및 가사 서비스
60,201905,2,3,4,1,1,4000,11710646,서울특별시,송파구,장지동,11230610,서울특별시,동대문구,답십리제2동,B,주류 및 담배
61,201905,1,6,4,39,2,5000,11290590,서울특별시,성북구,돈암제2동,41310,경기도,구리시,,A,식료품 및 비주류음료
62,201911,2,5,6,5,1,2000,11380570,서울특별시,은평구,대조동,42110,강원도,춘천시,,B,주류 및 담배
63,201802,1,3,2,1,1,5000,11470650,서울특별시,양천구,신정4동,11530530,서울특별시,구로구,구로제2동,A,식료품 및 비주류음료
64,201904,1,3,6,3,2,70000,11590550,서울특별시,동작구,상도제3동,11320670,서울특별시,도봉구,쌍문제2동,B,주류 및 담배
65,201811,2,2,4,2,3,18000,11215810,서울특별시,광진구,광장동,11380530,서울특별시,은평구,불광제2동,E,가정용품 및 가사 서비스
66,201811,1,5,4,2,10,8000,11740580,서울특별시,강동구,암사제2동,11650530,서울특별시,서초구,서초3동,E,가정용품 및 가사 서비스
67,201805,2,4,5,1,5,1000,11140615,서울특별시,중구,신당동,11230560,서울특별시,동대문구,전농제1동,E,가정용품 및 가사 서비스
68,201803,2,4,5,2,18,1000,11170630,서울특별시,용산구,이촌제1동,11215870,서울특별시,광진구,구의제3동,L,기타 상품 및 서비스
69,201808,1,5,1,1,20,39000,11560560,서울특별시,영등포구,당산제2동,41273,경기도,안산시 단원구,,L,기타 상품 및 서비스
70,201901,1,4,2,43,36,44000,11290610,서울특별시,성북구,보문동,11590520,서울특별시,동작구,노량진제2동,G,교통
71,201911,1,5,5,2,22,4000,11350611,서울특별시,노원구,하계1동,41190,경기도,부천시,,A,식료품 및 비주류음료
72,201810,2,5,3,1,2,10000,11170650,서울특별시,용산구,이태원제1동,11680531,서울특별시,강남구,논현2동,E,가정용품 및 가사 서비스
73,201910,2,6,2,2,10,27000,11380600,서울특별시,은평구,응암제3동,41410,경기도,군포시,,A,식료품 및 비주류음료
74,201806,2,3,6,8,12,6000,11710650,서울특별시,송파구,잠실본동,41113,경기도,수원시 권선구,,B,주류 및 담배
75,201809,1,6,4,1,2,77000,11305600,서울특별시,강북구,번2동,11110570,서울특별시,종로구,무악동,A,식료품 및 비주류음료
76,201811,2,6,5,1,1,10000,11320690,서울특별시,도봉구,방학제1동,11710710,서울특별시,송파구,잠실6동,B,주류 및 담배
77,201912,2,3,5,78,1,1000,11440565,서울특별시,마포구,공덕동,11560560,서울특별시,영등포구,당산제2동,A,식료품 및 비주류음료
78,201806,2,3,6,10,1,15000,11740700,서울특별시,강동구,둔촌제2동,46130,전라남도,여수시,,E,가정용품 및 가사 서비스
79,201802,2,3,4,1,8,6000,11500603,서울특별시,강서구,가양제1동,28260,인천광역시,서구,,B,주류 및 담배
80,201910,1,6,6,13,17,36000,11620735,서울특별시,관악구,대학동,11545610,서울특별시,금천구,독산제1동,L,기타 상품 및 서비스
81,201810,1,3,4,3,4,6000,11350595,서울특별시,노원구,공릉1동,11170690,서울특별시,용산구,서빙고동,E,가정용품 및 가사 서비스
82,201810,1,4,4,2,8,18000,11560585,서울특별시,영등포구,도림동,11200560,서울특별시,성동구,행당제1동,A,식료품 및 비주류음료
83,201903,1,3,5,1,6,56000,11650581,서울특별시,서초구,반포4동,11500530,서울특별시,강서구,등촌제2동,A,식료품 및 비주류음료
84,201806,1,4,5,1,2,411000,11140615,서울특별시,중구,신당동,41113,경기도,수원시 권선구,,I,오락 및 문화
85,201903,2,2,4,11,1,12000,11140670,서울특별시,중구,황학동,11710561,서울특별시,송파구,방이1동,A,식료품 및 비주류음료
86,201806,1,6,3,2,2,4000,11230600,서울특별시,동대문구,답십리제1동,11710647,서울특별시,송파구,위례동,E,가정용품 및 가사 서비스
87,201903,2,4,4,3,4,4000,11560620,서울특별시,영등포구,양평제2동,11710670,서울특별시,송파구,잠실2동,B,주류 및 담배
88,201910,2,7,5,1,7,21000,11290575,서울특별시,성북구,동선동,41281,경기도,고양시 덕양구,,A,식료품 및 비주류음료
89,201902,1,3,4,2,9,118000,11545670,서울특별시,금천구,시흥제1동,11200570,서울특별시,성동구,행당제2동,A,식료품 및 비주류음료
90,201811,2,4,3,18,16,4000,11500550,서울특별시,강서구,화곡제2동,11710620,서울특별시,송파구,가락본동,A,식료품 및 비주류음료
91,201903,1,6,5,2,1,55000,11590620,서울특별시,동작구,사당제1동,11500620,서울특별시,강서구,공항동,E,가정용품 및 가사 서비스
92,201907,2,5,5,1,4,1000,11380520,서울특별시,은평구,불광제1동,11500510,서울특별시,강서구,염창동,A,식료품 및 비주류음료
93,201804,2,2,4,1,8,9484000,11305545,서울특별시,강북구,송중동,11230560,서울특별시,동대문구,전농제1동,E,가정용품 및 가사 서비스
94,201909,2,5,3,2,3,5000,11650621,서울특별시,서초구,방배4동,11215750,서울특별시,광진구,중곡제2동,A,식료품 및 비주류음료
95,201806,1,4,4,2,10,43000,11260680,서울특별시,중랑구,신내1동,11305534,서울특별시,강북구,삼양동,B,주류 및 담배
96,201804,2,4,5,1,1,1000,11350624,서울특별시,노원구,중계4동,11440630,서울특별시,마포구,신수동,B,주류 및 담배
97,201808,2,3,6,1,4,8000,11305555,서울특별시,강북구,송천동,44133,충청남도,천안시 서북구,,A,식료품 및 비주류음료
98,201912,2,3,4,2,1,6000,11110650,서울특별시,종로구,혜화동,11500620,서울특별시,강서구,공항동,E,가정용품 및 가사 서비스
99,201911,2,5,4,3,3,18000,11710670,서울특별시,송파구,잠실2동,41281,경기도,고양시 덕양구,,A,식료품 및 비주류음료
100,201812,1,2,4,1,8,2000,11260610,서울특별시,중랑구,중화제2동,47190,경상북도,구미시,,A,식료품 및 비주류음료
101,201909,2,6,2,1,1,13000,11710710,서울특별시,송파구,잠실6동,11740620,서울특별시,강동구,천호제3동,B,주류 및 담배
102,201812,2,5,5,1,3,21000,11380590,서울특별시,은평구,응암제2동,11530595,서울특별시,구로구,가리봉동,B,주류 및 담배
103,201912,2,4,2,1,289,1416000,11305620,서울특별시,강북구,수유2동,11680510,서울특별시,강남구,신사동,B,주류 및 담배
104,201808,1,4,2,1,1,8000,11200645,서울특별시,성동구,옥수동,11710642,서울특별시,송파구,문정2동,E,가정용품 및 가사 서비스
105,201907,1,5,5,2,1,2000,11320690,서울특별시,도봉구,방학제1동,11710561,서울특별시,송파구,방이1동,A,식료품 및 비주류음료
106,201807,1,6,3,14,714,237000,11215710,서울특별시,광진구,화양동,11500620,서울특별시,강서구,공항동,G,교통
107,201906,1,3,5,2,1,46000,11680521,서울특별시,강남구,논현1동,11710680,서울특별시,송파구,잠실3동,B,주류 및 담배
108,201806,1,3,6,1,26,1000,11380580,서울특별시,은평구,응암제1동,11710710,서울특별시,송파구,잠실6동,B,주류 및 담배
109,201906,1,5,5,4,3,1000,11740515,서울특별시,강동구,강일동,11680565,서울특별시,강남구,청담동,A,식료품 및 비주류음료
110,201905,1,4,4,2,5,84000,11350600,서울특별시,노원구,공릉2동,41150,경기도,의정부시,,A,식료품 및 비주류음료
111,201905,2,3,3,2,2,43000,11680660,서울특별시,강남구,개포1동,11500640,서울특별시,강서구,방화제2동,B,주류 및 담배
112,201904,2,2,3,2,34,7000,11305610,서울특별시,강북구,수유1동,11440660,서울특별시,마포구,서교동,A,식료품 및 비주류음료
113,201905,2,2,2,13,51,8000,11590510,서울특별시,동작구,노량진제1동,11440660,서울특별시,마포구,서교동,E,가정용품 및 가사 서비스
114,201806,1,4,3,1,2,82000,11650530,서울특별시,서초구,서초3동,28110,인천광역시,중구,,A,식료품 및 비주류음료
115,201906,1,2,4,1,1,1000,11650580,서울특별시,서초구,반포3동,11545640,서울특별시,금천구,독산제4동,B,주류 및 담배
116,201908,2,2,5,4,3,1000,11260565,서울특별시,중랑구,면목본동,11710642,서울특별시,송파구,문정2동,B,주류 및 담배
117,201804,1,3,6,2,4,118000,11305545,서울특별시,강북구,송중동,11200570,서울특별시,성동구,행당제2동,I,오락 및 문화
118,201901,2,4,5,1,6,9000,11710561,서울특별시,송파구,방이1동,41430,경기도,의왕시,,L,기타 상품 및 서비스
119,201810,1,2,4,1,2,4000,11410555,서울특별시,서대문구,북아현동,41285,경기도,고양시 일산동구,,E,가정용품 및 가사 서비스
120,201911,1,1,5,1,1,93000,11410620,서울특별시,서대문구,홍제제1동,11350621,서울특별시,노원구,중계1동,A,식료품 및 비주류음료
121,201910,2,3,5,18,4,17000,11110550,서울특별시,종로구,부암동,41135,경기도,성남시 분당구,,A,식료품 및 비주류음료
122,201905,1,4,5,2,5,10000,11545710,서울특별시,금천구,시흥제5동,45130,전라북도,군산시,,A,식료품 및 비주류음료
123,201908,1,4,2,1,6,2000,11350624,서울특별시,노원구,중계4동,28245,인천광역시,계양구,,E,가정용품 및 가사 서비스
124,201804,2,4,3,3,10,69000,11680565,서울특별시,강남구,청담동,11440660,서울특별시,마포구,서교동,E,가정용품 및 가사 서비스
125,201806,1,4,3,3,21,842000,11590540,서울특별시,동작구,상도제2동,41131,경기도,성남시 수정구,,A,식료품 및 비주류음료
126,201808,2,3,3,1,2,101000,11680590,서울특별시,강남구,삼성2동,11680510,서울특별시,강남구,신사동,A,식료품 및 비주류음료
127,201902,1,5,3,1,4,6000,11530730,서울특별시,구로구,고척제2동,11350621,서울특별시,노원구,중계1동,A,식료품 및 비주류음료
128,201803,1,4,3,1,3,67000,11710562,서울특별시,송파구,방이2동,45111,전라북도,전주시 완산구,,E,가정용품 및 가사 서비스
129,201910,2,2,5,3,3,121000,11710561,서울특별시,송파구,방이1동,11230570,서울특별시,동대문구,전농제2동,A,식료품 및 비주류음료
130,201810,2,2,3,2,3,1000,11380520,서울특별시,은평구,불광제1동,11380690,서울특별시,은평구,진관동,B,주류 및 담배
131,201901,2,4,2,1,1,45000,11470550,서울특별시,양천구,목5동,11320690,서울특별시,도봉구,방학제1동,E,가정용품 및 가사 서비스
132,201810,2,3,4,1,2,9000,11590660,서울특별시,동작구,대방동,11740600,서울특별시,강동구,천호제1동,B,주류 및 담배
133,201810,1,5,3,8,2,130000,11500603,서울특별시,강서구,가양제1동,11410720,서울특별시,서대문구,북가좌제2동,A,식료품 및 비주류음료
134,201801,1,2,5,6,14,26000,11710610,서울특별시,송파구,삼전동,28237,인천광역시,부평구,,E,가정용품 및 가사 서비스
135,201808,1,6,2,3,1,2000,11560670,서울특별시,영등포구,신길제5동,11140540,서울특별시,중구,회현동,A,식료품 및 비주류음료
136,201811,2,3,5,1,2,729000,11500630,서울특별시,강서구,방화제1동,11650530,서울특별시,서초구,서초3동,B,주류 및 담배
137,201806,2,5,3,2,3,13000,11620525,서울특별시,관악구,보라매동,11230536,서울특별시,동대문구,용신동,E,가정용품 및 가사 서비스
138,201810,2,4,5,1,3,31000,11710642,서울특별시,송파구,문정2동,41370,경기도,오산시,,E,가정용품 및 가사 서비스
139,201905,2,1,2,1,1,14000,11710562,서울특별시,송파구,방이2동,11350700,서울특별시,노원구,상계8동,A,식료품 및 비주류음료
140,201908,1,5,5,4,7,2000,11650600,서울특별시,서초구,방배1동,11545610,서울특별시,금천구,독산제1동,B,주류 및 담배
141,201805,2,2,6,7,5,2000,11230750,서울특별시,동대문구,이문제2동,11200560,서울특별시,성동구,행당제1동,A,식료품 및 비주류음료
142,201805,1,2,6,1,3,22000,11350600,서울특별시,노원구,공릉2동,11230740,서울특별시,동대문구,이문제1동,A,식료품 및 비주류음료
143,201907,1,5,4,2,1,10000,11710540,서울특별시,송파구,마천1동,11410585,서울특별시,서대문구,신촌동,B,주류 및 담배
144,201808,1,4,5,2,1,31000,11200540,서울특별시,성동구,마장동,11170650,서울특별시,용산구,이태원제1동,A,식료품 및 비주류음료
145,201806,2,5,5,3324,6,43000,11305590,서울특별시,강북구,번1동,11530730,서울특별시,구로구,고척제2동,A,식료품 및 비주류음료
146,201905,1,3,5,2,1,22000,11260660,서울특별시,중랑구,망우제3동,11650530,서울특별시,서초구,서초3동,B,주류 및 담배
147,201903,1,3,5,1,8,7000,11560620,서울특별시,영등포구,양평제2동,28245,인천광역시,계양구,,A,식료품 및 비주류음료
148,201903,2,5,2,15,9,9000,11620765,서울특별시,관악구,미성동,50130,제주특별자치도,서귀포시,,A,식료품 및 비주류음료
149,201912,2,4,6,3,2,1000,11305620,서울특별시,강북구,수유2동,11680690,서울특별시,강남구,개포4동,A,식료품 및 비주류음료
150,201810,2,7,4,1,3,199000,11500591,서울특별시,강서구,화곡제6동,41210,경기도,광명시,,E,가정용품 및 가사 서비스
151,201802,2,2,2,1,5,11000,11680740,서울특별시,강남구,일원2동,11140540,서울특별시,중구,회현동,A,식료품 및 비주류음료
152,201810,2,6,6,1,4,8000,11410655,서울특별시,서대문구,홍제제2동,27230,대구광역시,북구,,A,식료품 및 비주류음료
153,201812,2,6,2,2,2,168000,11500640,서울특별시,강서구,방화제2동,45710,전라북도,완주군,,B,주류 및 담배
154,201806,1,5,4,28,1,6000,11590620,서울특별시,동작구,사당제1동,11710710,서울특별시,송파구,잠실6동,A,식료품 및 비주류음료
155,201801,2,4,4,1,1,35000,11140550,서울특별시,중구,명동,11230560,서울특별시,동대문구,전농제1동,E,가정용품 및 가사 서비스
156,201807,1,5,2,1,1,9000,11740600,서울특별시,강동구,천호제1동,28260,인천광역시,서구,,A,식료품 및 비주류음료
157,201904,2,5,5,2,4,2000,11590670,서울특별시,동작구,신대방제1동,28110,인천광역시,중구,,A,식료품 및 비주류음료
158,201908,2,3,5,1,1,2000,11200580,서울특별시,성동구,응봉동,28237,인천광역시,부평구,,A,식료품 및 비주류음료
159,201903,1,5,4,2,12,1000,11440720,서울특별시,마포구,성산제1동,42110,강원도,춘천시,,A,식료품 및 비주류음료
160,201912,2,5,6,1,55,4000,11350640,서울특별시,노원구,상계2동,11710642,서울특별시,송파구,문정2동,A,식료품 및 비주류음료
161,201909,1,2,5,2,9,10000,11590540,서울특별시,동작구,상도제2동,11545610,서울특별시,금천구,독산제1동,A,식료품 및 비주류음료
162,201809,1,4,4,1,1,9000,11215850,서울특별시,광진구,구의제1동,28260,인천광역시,서구,,E,가정용품 및 가사 서비스
163,201812,2,5,3,1,1,6000,11590510,서울특별시,동작구,노량진제1동,11680730,서울특별시,강남구,일원1동,B,주류 및 담배
164,201902,2,3,2,1,1,2000,11200535,서울특별시,성동구,왕십리도선동,11230710,서울특별시,동대문구,회기동,L,기타 상품 및 서비스
165,201907,2,6,2,4,8,10000,11305575,서울특별시,강북구,삼각산동,44133,충청남도,천안시 서북구,,I,오락 및 문화
166,201903,1,2,6,1,4,2000,11170510,서울특별시,용산구,후암동,41390,경기도,시흥시,,J,교육
167,201909,2,3,5,2,5,58000,11200645,서울특별시,성동구,옥수동,41463,경기도,용인시 기흥구,,A,식료품 및 비주류음료
168,201903,2,4,4,1,106,5000,11350619,서울특별시,노원구,중계본동,11140540,서울특별시,중구,회현동,L,기타 상품 및 서비스
169,201801,1,2,5,18,5,1000,11680640,서울특별시,강남구,역삼1동,11380570,서울특별시,은평구,대조동,L,기타 상품 및 서비스
170,201907,2,2,5,1,1,66000,11560585,서울특별시,영등포구,도림동,41117,경기도,수원시 영통구,,I,오락 및 문화
171,201807,2,3,5,1,4,3000,11500535,서울특별시,강서구,등촌제3동,11650540,서울특별시,서초구,잠원동,L,기타 상품 및 서비스
172,201802,2,5,6,2,185,1000,11740600,서울특별시,강동구,천호제1동,11215710,서울특별시,광진구,화양동,B,주류 및 담배
173,201903,2,4,6,10,20,7000,11590605,서울특별시,동작구,흑석동,11500570,서울특별시,강서구,화곡제4동,A,식료품 및 비주류음료
174,201902,1,3,2,14,8,186000,11320522,서울특별시,도봉구,도봉제2동,11680630,서울특별시,강남구,대치4동,L,기타 상품 및 서비스
175,201805,1,2,4,29,2,64000,11290650,서울특별시,성북구,정릉제4동,11680720,서울특별시,강남구,일원본동,B,주류 및 담배
176,201911,2,3,6,1,2,7000,11710620,서울특별시,송파구,가락본동,11710680,서울특별시,송파구,잠실3동,G,교통
177,201810,2,3,2,2,1,18000,11440660,서울특별시,마포구,서교동,11710710,서울특별시,송파구,잠실6동,L,기타 상품 및 서비스
178,201906,2,4,6,1,1,15000,11470520,서울특별시,양천구,목2동,41390,경기도,시흥시,,A,식료품 및 비주류음료
179,201906,2,3,4,2,23,13000,11530530,서울특별시,구로구,구로제2동,11230710,서울특별시,동대문구,회기동,E,가정용품 및 가사 서비스
180,201810,2,6,6,1,2,21000,11560610,서울특별시,영등포구,양평제1동,11500620,서울특별시,강서구,공항동,L,기타 상품 및 서비스
181,201804,1,7,5,11,5,4000,11620565,서울특별시,관악구,성현동,48127,경상남도,창원시 마산회원구,,I,오락 및 문화
182,201907,2,4,4,9,326,179000,11620625,서울특별시,관악구,인헌동,11740550,서울특별시,강동구,고덕제1동,L,기타 상품 및 서비스
183,201804,1,4,5,6,26,2000,11260620,서울특별시,중랑구,묵제1동,41131,경기도,성남시 수정구,,A,식료품 및 비주류음료
184,201807,2,4,4,3,1,13000,11170660,서울특별시,용산구,이태원제2동,41131,경기도,성남시 수정구,,E,가정용품 및 가사 서비스
185,201811,1,5,3,3,1,3000,11410585,서울특별시,서대문구,신촌동,11710680,서울특별시,송파구,잠실3동,E,가정용품 및 가사 서비스
186,201908,2,4,4,14,20,7000,11500593,서울특별시,강서구,화곡제8동,11500620,서울특별시,강서구,공항동,B,주류 및 담배
187,201903,1,2,5,1,2,3000,11740685,서울특별시,강동구,길동,11710680,서울특별시,송파구,잠실3동,A,식료품 및 비주류음료
188,201808,2,2,2,3,10,70000,11215870,서울특별시,광진구,구의제3동,11500540,서울특별시,강서구,화곡제1동,L,기타 상품 및 서비스
189,201903,2,5,1,2,2,2000,11560605,서울특별시,영등포구,문래동,41463,경기도,용인시 기흥구,,B,주류 및 담배
190,201805,1,5,3,1,1,3000,11620765,서울특별시,관악구,미성동,30200,대전광역시,유성구,,A,식료품 및 비주류음료
191,201808,2,4,4,1,330,16000,11500520,서울특별시,강서구,등촌제1동,11290555,서울특별시,성북구,삼선동,A,식료품 및 비주류음료
192,201906,2,5,4,7,6,7000,11620625,서울특별시,관악구,인헌동,11710680,서울특별시,송파구,잠실3동,A,식료품 및 비주류음료
193,201910,2,3,2,4,24,9000,11740685,서울특별시,강동구,길동,41310,경기도,구리시,,A,식료품 및 비주류음료
194,201905,2,3,4,27,10,18000,11350625,서울특별시,노원구,중계2.3동,11320690,서울특별시,도봉구,방학제1동,A,식료품 및 비주류음료
195,201801,2,4,5,1,10,39000,11710610,서울특별시,송파구,삼전동,41281,경기도,고양시 덕양구,,A,식료품 및 비주류음료
196,201903,1,7,3,1,39,19000,11215860,서울특별시,광진구,구의제2동,26710,부산광역시,기장군,,E,가정용품 및 가사 서비스
197,201911,1,5,3,2,5,2000,11230705,서울특별시,동대문구,청량리동,11710710,서울특별시,송파구,잠실6동,A,식료품 및 비주류음료
198,201802,2,5,3,1,1,98000,11620575,서울특별시,관악구,행운동,41465,경기도,용인시 수지구,,E,가정용품 및 가사 서비스
199,201810,1,3,4,2,102,11000,11290705,서울특별시,성북구,종암동,11140540,서울특별시,중구,회현동,E,가정용품 및 가사 서비스
200,201801,2,3,3,5,49,98000,11140570,서울특별시,중구,필동,11140540,서울특별시,중구,회현동,A,식료품 및 비주류음료
201,201810,2,4,4,14,1,17000,11170660,서울특별시,용산구,이태원제2동,11440590,서울특별시,마포구,용강동,A,식료품 및 비주류음료
202,201904,1,4,5,1,1,1000,11560560,서울특별시,영등포구,당산제2동,11350695,서울특별시,노원구,상계6.7동,A,식료품 및 비주류음료
203,201910,1,3,2,1,5,2897000,11440680,서울특별시,마포구,합정동,11710642,서울특별시,송파구,문정2동,B,주류 및 담배
204,201912,1,5,3,1,3,23000,11740685,서울특별시,강동구,길동,11740685,서울특별시,강동구,길동,A,식료품 및 비주류음료
205,201801,2,6,3,3,8,17000,11260540,서울특별시,중랑구,면목제4동,11230560,서울특별시,동대문구,전농제1동,A,식료품 및 비주류음료
206,201903,2,3,4,2,1,27000,11545680,서울특별시,금천구,시흥제2동,28237,인천광역시,부평구,,A,식료품 및 비주류음료
207,201812,2,4,5,2,14,1000,11545710,서울특별시,금천구,시흥제5동,41360,경기도,남양주시,,B,주류 및 담배
208,201911,1,4,4,18,16,5000,11140540,서울특별시,중구,회현동,11350621,서울특별시,노원구,중계1동,A,식료품 및 비주류음료
209,201909,2,2,4,21,9,715000,11110615,서울특별시,종로구,종로1.2.3.4가동,11680656,서울특별시,강남구,도곡2동,E,가정용품 및 가사 서비스
210,201912,2,2,2,1,5,22000,11680521,서울특별시,강남구,논현1동,28237,인천광역시,부평구,,B,주류 및 담배
211,201801,2,4,3,4,3,2000,11680690,서울특별시,강남구,개포4동,11710680,서울특별시,송파구,잠실3동,B,주류 및 담배
212,201806,2,7,4,1,14,16000,11290660,서울특별시,성북구,길음제1동,11440660,서울특별시,마포구,서교동,E,가정용품 및 가사 서비스
213,201905,2,4,5,24,1,44000,11260600,서울특별시,중랑구,중화제1동,41830,경기도,양평군,,E,가정용품 및 가사 서비스
214,201811,1,3,5,6,11,52000,11590630,서울특별시,동작구,사당제2동,11560535,서울특별시,영등포구,영등포동,A,식료품 및 비주류음료
215,201904,2,7,5,3,22,4000,11590640,서울특별시,동작구,사당제3동,11410660,서울특별시,서대문구,홍은제1동,A,식료품 및 비주류음료
216,201902,2,4,4,6,5,48000,11260565,서울특별시,중랑구,면목본동,11440555,서울특별시,마포구,아현동,E,가정용품 및 가사 서비스
217,201909,1,3,5,36,1,32000,11500530,서울특별시,강서구,등촌제2동,48129,경상남도,창원시 진해구,,L,기타 상품 및 서비스
218,201809,1,2,2,1,10,9000,11680730,서울특별시,강남구,일원1동,11140540,서울특별시,중구,회현동,A,식료품 및 비주류음료
219,201902,1,3,5,1,4,9000,11320700,서울특별시,도봉구,방학제2동,11560620,서울특별시,영등포구,양평제2동,A,식료품 및 비주류음료
220,201907,1,3,5,1,1,2000,11410660,서울특별시,서대문구,홍은제1동,41390,경기도,시흥시,,E,가정용품 및 가사 서비스
221,201810,2,2,3,3,9,5000,11680531,서울특별시,강남구,논현2동,28260,인천광역시,서구,,E,가정용품 및 가사 서비스
222,201804,2,3,4,1,1,13000,11650570,서울특별시,서초구,반포2동,11740610,서울특별시,강동구,천호제2동,A,식료품 및 비주류음료
223,201911,1,3,3,1,1,143000,11500620,서울특별시,강서구,공항동,11530720,서울특별시,구로구,고척제1동,A,식료품 및 비주류음료
224,201906,1,4,4,1,56,35000,11620595,서울특별시,관악구,청룡동,11350695,서울특별시,노원구,상계6.7동,E,가정용품 및 가사 서비스
225,201807,2,5,3,1,1,285000,11410685,서울특별시,서대문구,홍은제2동,11290555,서울특별시,성북구,삼선동,I,오락 및 문화
226,201809,2,5,5,2,1,467000,11350624,서울특별시,노원구,중계4동,11620525,서울특별시,관악구,보라매동,F,보건
227,201808,2,5,4,4,1,2000,11290705,서울특별시,성북구,종암동,11260520,서울특별시,중랑구,면목제2동,E,가정용품 및 가사 서비스
228,201805,2,3,3,1,1,13000,11290705,서울특별시,성북구,종암동,11530530,서울특별시,구로구,구로제2동,A,식료품 및 비주류음료
229,201807,2,4,4,6,3,15000,11710680,서울특별시,송파구,잠실3동,45113,전라북도,전주시 덕진구,,E,가정용품 및 가사 서비스
230,201908,1,3,3,1,1,694000,11545620,서울특별시,금천구,독산제2동,11680630,서울특별시,강남구,대치4동,E,가정용품 및 가사 서비스
231,201807,1,3,2,1,3,28000,11560630,서울특별시,영등포구,신길제1동,11740640,서울특별시,강동구,성내제1동,E,가정용품 및 가사 서비스
232,201906,1,2,2,1,1,2000,11500604,서울특별시,강서구,가양제2동,28185,인천광역시,연수구,,A,식료품 및 비주류음료
233,201911,2,2,4,1,1,47000,11200720,서울특별시,성동구,송정동,11170650,서울특별시,용산구,이태원제1동,L,기타 상품 및 서비스
234,201905,1,4,4,1,2,1000,11230650,서울특별시,동대문구,장안제1동,11680640,서울특별시,강남구,역삼1동,L,기타 상품 및 서비스
235,201808,1,6,3,1,14,33000,11290580,서울특별시,성북구,돈암제1동,11710631,서울특별시,송파구,가락1동,I,오락 및 문화
236,201801,2,6,6,3,7,7000,11440730,서울특별시,마포구,성산제2동,11680521,서울특별시,강남구,논현1동,A,식료품 및 비주류음료
237,201910,2,2,4,1,3,8000,11680720,서울특별시,강남구,일원본동,41171,경기도,안양시 만안구,,E,가정용품 및 가사 서비스
238,201907,2,3,2,95,2,6000,11560610,서울특별시,영등포구,양평제1동,41570,경기도,김포시,,B,주류 및 담배
239,201812,2,3,5,5,20,32000,11140665,서울특별시,중구,동화동,11560560,서울특별시,영등포구,당산제2동,B,주류 및 담배
240,201812,2,3,3,1,86,8000,11650570,서울특별시,서초구,반포2동,11290780,서울특별시,성북구,장위제3동,A,식료품 및 비주류음료
241,201801,2,4,4,1,4,14000,11710641,서울특별시,송파구,문정1동,41150,경기도,의정부시,,B,주류 및 담배
242,201806,1,4,6,5,1,10000,11230545,서울특별시,동대문구,제기동,11140540,서울특별시,중구,회현동,B,주류 및 담배
243,201903,2,5,4,2,3,7000,11170630,서울특별시,용산구,이촌제1동,11710520,서울특별시,송파구,풍납2동,E,가정용품 및 가사 서비스
244,201803,2,4,6,1,1,15000,11215750,서울특별시,광진구,중곡제2동,11350695,서울특별시,노원구,상계6.7동,A,식료품 및 비주류음료
245,201805,1,3,4,2,1,19000,11410710,서울특별시,서대문구,북가좌제1동,11710600,서울특별시,송파구,석촌동,L,기타 상품 및 서비스
246,201808,2,6,3,3,1,41000,11350630,서울특별시,노원구,상계1동,11710710,서울특별시,송파구,잠실6동,A,식료품 및 비주류음료
247,201803,1,3,4,1,15,7000,11710590,서울특별시,송파구,송파2동,41310,경기도,구리시,,J,교육
248,201803,2,4,3,9,7,4000,11560620,서울특별시,영등포구,양평제2동,11545610,서울특별시,금천구,독산제1동,B,주류 및 담배
249,201912,2,4,4,19,1,35000,11590670,서울특별시,동작구,신대방제1동,11500510,서울특별시,강서구,염창동,A,식료품 및 비주류음료
250,201904,2,5,3,11,17,21000,11620655,서울특별시,관악구,신원동,11680690,서울특별시,강남구,개포4동,A,식료품 및 비주류음료
251,201805,2,3,3,18,4,66000,11230610,서울특별시,동대문구,답십리제2동,11650530,서울특별시,서초구,서초3동,E,가정용품 및 가사 서비스
252,201804,2,4,6,2,6,1000,11470620,서울특별시,양천구,신정1동,11215710,서울특별시,광진구,화양동,B,주류 및 담배
253,201801,2,2,2,1,8,7000,11680655,서울특별시,강남구,도곡1동,11560610,서울특별시,영등포구,양평제1동,A,식료품 및 비주류음료
254,201906,2,6,3,1,16,29000,11710646,서울특별시,송파구,장지동,36110,세종특별자치시,,,A,식료품 및 비주류음료
255,201903,2,5,4,1,7,15000,11470620,서울특별시,양천구,신정1동,11500611,서울특별시,강서구,발산제1동,L,기타 상품 및 서비스
256,201809,1,7,3,1,14,47000,11545610,서울특별시,금천구,독산제1동,11140540,서울특별시,중구,회현동,A,식료품 및 비주류음료
257,201906,2,4,5,1,1,12000,11215870,서울특별시,광진구,구의제3동,11140540,서울특별시,중구,회현동,A,식료품 및 비주류음료
258,201810,2,4,3,3,4,8000,11680720,서울특별시,강남구,일원본동,11305610,서울특별시,강북구,수유1동,F,보건
259,201810,1,5,6,3,3,2000,11305600,서울특별시,강북구,번2동,11110615,서울특별시,종로구,종로1.2.3.4가동,B,주류 및 담배
260,201905,2,3,5,1,4,4000,11650651,서울특별시,서초구,양재1동,11560535,서울특별시,영등포구,영등포동,A,식료품 및 비주류음료
261,201904,1,4,3,2,35,25000,11110540,서울특별시,종로구,삼청동,41480,경기도,파주시,,L,기타 상품 및 서비스
262,201905,1,2,6,1,5,2000,11440740,서울특별시,마포구,상암동,41210,경기도,광명시,,A,식료품 및 비주류음료
263,201908,2,4,5,3,1,113000,11140550,서울특별시,중구,명동,28237,인천광역시,부평구,,A,식료품 및 비주류음료
264,201804,1,2,4,2,17,131000,11320690,서울특별시,도봉구,방학제1동,11710710,서울특별시,송파구,잠실6동,B,주류 및 담배
265,201808,1,4,5,1,5,4000,11215847,서울특별시,광진구,자양제4동,11545700,서울특별시,금천구,시흥제4동,B,주류 및 담배
266,201906,1,7,4,3,5,182000,11140680,서울특별시,중구,중림동,11710647,서울특별시,송파구,위례동,E,가정용품 및 가사 서비스
267,201911,1,2,5,6,4,3000,11380570,서울특별시,은평구,대조동,41111,경기도,수원시 장안구,,C,의류 및 신발
268,201909,2,3,4,5,5,5000,11290660,서울특별시,성북구,길음제1동,11740530,서울특별시,강동구,명일제1동,A,식료품 및 비주류음료
269,201808,2,2,4,3,6,340000,11260620,서울특별시,중랑구,묵제1동,11560535,서울특별시,영등포구,영등포동,B,주류 및 담배
270,201905,1,5,5,1,5,20000,11230730,서울특별시,동대문구,휘경제2동,11710680,서울특별시,송파구,잠실3동,E,가정용품 및 가사 서비스
271,201901,1,5,5,3,6,257000,11710600,서울특별시,송파구,석촌동,11140540,서울특별시,중구,회현동,A,식료품 및 비주류음료
272,201902,2,4,6,1,4,2000,11110580,서울특별시,종로구,교남동,11710642,서울특별시,송파구,문정2동,A,식료품 및 비주류음료
273,201911,1,2,5,2,3,9000,11710580,서울특별시,송파구,송파1동,11530730,서울특별시,구로구,고척제2동,A,식료품 및 비주류음료
274,201910,2,5,4,1,1,11000,11410520,서울특별시,서대문구,천연동,11215710,서울특별시,광진구,화양동,A,식료품 및 비주류음료
275,201909,1,6,2,1,32,1000,11260680,서울특별시,중랑구,신내1동,11305575,서울특별시,강북구,삼각산동,A,식료품 및 비주류음료
276,201801,2,4,5,5,1,32000,11380560,서울특별시,은평구,구산동,11140540,서울특별시,중구,회현동,A,식료품 및 비주류음료
277,201811,2,4,6,1,10,15000,11590530,서울특별시,동작구,상도제1동,11140540,서울특별시,중구,회현동,A,식료품 및 비주류음료
278,201907,2,5,6,15,1,8000,11650530,서울특별시,서초구,서초3동,11650530,서울특별시,서초구,서초3동,A,식료품 및 비주류음료
279,201905,2,4,4,1,2,8000,11500535,서울특별시,강서구,등촌제3동,11170530,서울특별시,용산구,남영동,A,식료품 및 비주류음료
280,201901,2,3,2,1,3,9000,11560710,서울특별시,영등포구,대림제2동,11680630,서울특별시,강남구,대치4동,B,주류 및 담배
281,201802,1,3,2,4,5,4000,11590530,서울특별시,동작구,상도제1동,11350621,서울특별시,노원구,중계1동,A,식료품 및 비주류음료
282,201901,2,3,6,2,6,60000,11650600,서울특별시,서초구,방배1동,11650621,서울특별시,서초구,방배4동,B,주류 및 담배
283,201805,2,2,3,4,26,11000,11740570,서울특별시,강동구,암사제1동,11680630,서울특별시,강남구,대치4동,B,주류 및 담배
284,201903,2,6,6,2,6,6000,11620715,서울특별시,관악구,난향동,11545620,서울특별시,금천구,독산제2동,E,가정용품 및 가사 서비스
285,201909,1,2,5,1,1,7000,11710680,서울특별시,송파구,잠실3동,11740700,서울특별시,강동구,둔촌제2동,A,식료품 및 비주류음료
286,201901,1,6,4,1,1,15000,11740660,서울특별시,강동구,성내제3동,11230560,서울특별시,동대문구,전농제1동,G,교통
287,201808,2,4,5,3,3,3000,11590640,서울특별시,동작구,사당제3동,11350621,서울특별시,노원구,중계1동,A,식료품 및 비주류음료
288,201809,2,4,6,4,2,4000,11170570,서울특별시,용산구,원효로제2동,11350695,서울특별시,노원구,상계6.7동,A,식료품 및 비주류음료
289,201902,1,6,5,264,1,5000,11620525,서울특별시,관악구,보라매동,11140540,서울특별시,중구,회현동,E,가정용품 및 가사 서비스
290,201810,1,2,4,4,3,42000,11710600,서울특별시,송파구,석촌동,41285,경기도,고양시 일산동구,,E,가정용품 및 가사 서비스
291,201904,2,4,3,1,9,11000,11650621,서울특별시,서초구,방배4동,11650581,서울특별시,서초구,반포4동,A,식료품 및 비주류음료
292,201907,2,3,4,1,1,5000,11260565,서울특별시,중랑구,면목본동,11680590,서울특별시,강남구,삼성2동,E,가정용품 및 가사 서비스
293,201806,2,4,5,4,1,13000,11170625,서울특별시,용산구,한강로동,11650590,서울특별시,서초구,방배본동,A,식료품 및 비주류음료
294,201807,1,3,6,3,2,18000,11680600,서울특별시,강남구,대치1동,11140550,서울특별시,중구,명동,B,주류 및 담배
295,201902,2,5,5,1,304,11000,11680640,서울특별시,강남구,역삼1동,44200,충청남도,아산시,,L,기타 상품 및 서비스
296,201909,2,4,5,15,1,7000,11215840,서울특별시,광진구,자양제3동,11140635,서울특별시,중구,약수동,B,주류 및 담배
297,201906,2,4,4,1,13,209000,11500530,서울특별시,강서구,등촌제2동,41281,경기도,고양시 덕양구,,I,오락 및 문화
298,201802,2,3,4,7,1,6000,11215870,서울특별시,광진구,구의제3동,11410620,서울특별시,서대문구,홍제제1동,A,식료품 및 비주류음료
299,201904,2,4,6,16,5,43000,11530550,서울특별시,구로구,구로제4동,11170690,서울특별시,용산구,서빙고동,A,식료품 및 비주류음료
300,201908,2,6,6,5,1,45000,11470680,서울특별시,양천구,신정7동,41450,경기도,하남시,,E,가정용품 및 가사 서비스
301,201909,2,2,6,7,26,44000,11650540,서울특별시,서초구,잠원동,11350621,서울특별시,노원구,중계1동,E,가정용품 및 가사 서비스
302,201812,2,5,3,2,3,1000,11545630,서울특별시,금천구,독산제3동,11230560,서울특별시,동대문구,전농제1동,I,오락 및 문화
303,201905,2,4,6,4,68,4000,11200590,서울특별시,성동구,금호1가동,28260,인천광역시,서구,,E,가정용품 및 가사 서비스
304,201904,1,3,3,1,13,38000,11410620,서울특별시,서대문구,홍제제1동,48127,경상남도,창원시 마산회원구,,L,기타 상품 및 서비스
305,201802,2,5,5,1,71,321000,11350665,서울특별시,노원구,상계3.4동,11350621,서울특별시,노원구,중계1동,A,식료품 및 비주류음료
306,201810,2,3,5,3,5,13000,11620715,서울특별시,관악구,난향동,11410685,서울특별시,서대문구,홍은제2동,A,식료품 및 비주류음료
307,201910,2,2,5,2,16,45000,11260655,서울특별시,중랑구,망우본동,11215870,서울특별시,광진구,구의제3동,E,가정용품 및 가사 서비스
308,201907,2,5,6,2,10,1000,11620655,서울특별시,관악구,신원동,11530530,서울특별시,구로구,구로제2동,A,식료품 및 비주류음료
309,201804,2,4,4,1,3,7000,11740700,서울특별시,강동구,둔촌제2동,11545610,서울특별시,금천구,독산제1동,J,교육
310,201906,2,3,5,1,5,12000,11590650,서울특별시,동작구,사당제4동,11620630,서울특별시,관악구,남현동,E,가정용품 및 가사 서비스
311,201803,2,5,5,2,1,40000,11440600,서울특별시,마포구,대흥동,11560535,서울특별시,영등포구,영등포동,A,식료품 및 비주류음료
312,201806,1,3,3,6,13,6000,11320514,서울특별시,도봉구,창제4동,41590,경기도,화성시,,A,식료품 및 비주류음료
313,201804,1,3,6,2,6,68000,11215830,서울특별시,광진구,자양제2동,11650621,서울특별시,서초구,방배4동,L,기타 상품 및 서비스
314,201803,2,3,5,1,1,11000,11470510,서울특별시,양천구,목1동,11290660,서울특별시,성북구,길음제1동,J,교육
315,201811,2,2,3,1,13,492000,11710710,서울특별시,송파구,잠실6동,11410620,서울특별시,서대문구,홍제제1동,B,주류 및 담배
316,201803,2,4,3,2,2,5000,11440660,서울특별시,마포구,서교동,41250,경기도,동두천시,,B,주류 및 담배
317,201810,2,6,6,60,1,68000,11620775,서울특별시,관악구,난곡동,11530530,서울특별시,구로구,구로제2동,L,기타 상품 및 서비스
318,201901,2,7,5,7,2,6000,11110530,서울특별시,종로구,사직동,11680600,서울특별시,강남구,대치1동,L,기타 상품 및 서비스
319,201910,2,3,5,7,1,7000,11680610,서울특별시,강남구,대치2동,28237,인천광역시,부평구,,A,식료품 및 비주류음료
320,201803,1,4,2,11,3,15000,11680670,서울특별시,강남구,개포2동,11560610,서울특별시,영등포구,양평제1동,A,식료품 및 비주류음료
321,201804,2,4,3,1,7,33000,11140665,서울특별시,중구,동화동,11710620,서울특별시,송파구,가락본동,E,가정용품 및 가사 서비스
322,201903,2,3,4,1,10,304000,11500560,서울특별시,강서구,화곡제3동,11110615,서울특별시,종로구,종로1.2.3.4가동,L,기타 상품 및 서비스
323,201901,1,3,4,1,2,3000,11590605,서울특별시,동작구,흑석동,11290780,서울특별시,성북구,장위제3동,G,교통
324,201803,2,4,3,1,10,6000,11650530,서울특별시,서초구,서초3동,11500620,서울특별시,강서구,공항동,B,주류 및 담배
325,201912,1,4,4,11,2,4000,11545630,서울특별시,금천구,독산제3동,11710632,서울특별시,송파구,가락2동,A,식료품 및 비주류음료
326,201806,1,6,6,1,4,41000,11380520,서울특별시,은평구,불광제1동,11710710,서울특별시,송파구,잠실6동,I,오락 및 문화
327,201912,2,5,4,14,2,20000,11650621,서울특별시,서초구,방배4동,11320710,서울특별시,도봉구,방학제3동,B,주류 및 담배
328,201907,1,3,2,1,3,25000,11560620,서울특별시,영등포구,양평제2동,42190,강원도,태백시,,E,가정용품 및 가사 서비스
329,201806,2,3,2,5,3,25000,11560560,서울특별시,영등포구,당산제2동,11305610,서울특별시,강북구,수유1동,L,기타 상품 및 서비스
330,201802,1,2,5,1,15,24000,11350612,서울특별시,노원구,하계2동,11110580,서울특별시,종로구,교남동,A,식료품 및 비주류음료
331,201904,1,4,2,1,4,27000,11290650,서울특별시,성북구,정릉제4동,11500570,서울특별시,강서구,화곡제4동,J,교육
332,201805,1,3,5,3,11,2000,11620695,서울특별시,관악구,신림동,11230570,서울특별시,동대문구,전농제2동,L,기타 상품 및 서비스
333,201802,2,3,5,3,1,20000,11410700,서울특별시,서대문구,남가좌제2동,11560535,서울특별시,영등포구,영등포동,L,기타 상품 및 서비스
334,201910,1,4,4,2,9,3000,11545620,서울특별시,금천구,독산제2동,41430,경기도,의왕시,,E,가정용품 및 가사 서비스
335,201906,1,4,5,1,1,17000,11320514,서울특별시,도봉구,창제4동,11440660,서울특별시,마포구,서교동,L,기타 상품 및 서비스
336,201812,1,4,1,2,1,371000,11470570,서울특별시,양천구,신월2동,11215870,서울특별시,광진구,구의제3동,A,식료품 및 비주류음료
337,201805,1,3,4,4,56,52000,11530740,서울특별시,구로구,개봉제1동,41173,경기도,안양시 동안구,,A,식료품 및 비주류음료
338,201811,1,4,2,1,4,2000,11740570,서울특별시,강동구,암사제1동,44270,충청남도,당진시,,B,주류 및 담배
339,201811,1,2,4,3,9,13000,11260610,서울특별시,중랑구,중화제2동,28260,인천광역시,서구,,J,교육
340,201908,2,3,5,4,2,15000,11650652,서울특별시,서초구,양재2동,11350625,서울특별시,노원구,중계2.3동,A,식료품 및 비주류음료
341,201906,1,2,3,3,1,383000,11260580,서울특별시,중랑구,상봉제1동,11545610,서울특별시,금천구,독산제1동,A,식료품 및 비주류음료
342,201909,1,5,5,3,5,6000,11320511,서울특별시,도봉구,창제1동,41190,경기도,부천시,,A,식료품 및 비주류음료
343,201901,2,4,2,3,3,17000,11290715,서울특별시,성북구,월곡제1동,11650621,서울특별시,서초구,방배4동,G,교통
344,201904,1,6,6,2,4,2000,11440565,서울특별시,마포구,공덕동,11290600,서울특별시,성북구,안암동,J,교육
345,201909,2,5,4,3,2,20000,11530760,서울특별시,구로구,개봉제3동,44800,충청남도,홍성군,,B,주류 및 담배
346,201806,2,3,4,2,5,339000,11680521,서울특별시,강남구,논현1동,11140540,서울특별시,중구,회현동,A,식료품 및 비주류음료
347,201910,2,6,4,4,9,2000,11410615,서울특별시,서대문구,연희동,11140540,서울특별시,중구,회현동,A,식료품 및 비주류음료
348,201810,2,7,6,2,3,14000,11710632,서울특별시,송파구,가락2동,11560560,서울특별시,영등포구,당산제2동,A,식료품 및 비주류음료
349,201811,2,2,4,1,13,6000,11710710,서울특별시,송파구,잠실6동,11650590,서울특별시,서초구,방배본동,A,식료품 및 비주류음료
350,201905,1,5,3,1,9,4000,11200550,서울특별시,성동구,사근동,11560535,서울특별시,영등포구,영등포동,E,가정용품 및 가사 서비스
351,201910,2,4,4,284,1,1000,11710580,서울특별시,송파구,송파1동,41135,경기도,성남시 분당구,,A,식료품 및 비주류음료
352,201804,2,3,6,3,26,46000,11680720,서울특별시,강남구,일원본동,11590620,서울특별시,동작구,사당제1동,A,식료품 및 비주류음료
353,201911,2,6,6,1,1,38000,11560550,서울특별시,영등포구,당산제1동,11650530,서울특별시,서초구,서초3동,A,식료품 및 비주류음료
354,201904,1,2,4,5,11,10000,11110515,서울특별시,종로구,청운효자동,11215870,서울특별시,광진구,구의제3동,B,주류 및 담배
355,201909,2,6,4,5,3,22000,11710642,서울특별시,송파구,문정2동,11560540,서울특별시,영등포구,여의동,I,오락 및 문화
356,201803,2,4,3,1,1,331000,11170625,서울특별시,용산구,한강로동,11680690,서울특별시,강남구,개포4동,E,가정용품 및 가사 서비스
357,201910,2,4,4,1,1,36000,11710600,서울특별시,송파구,석촌동,43113,충청북도,청주시 흥덕구,,A,식료품 및 비주류음료
358,201811,1,4,5,1,1,5000,11140550,서울특별시,중구,명동,11650610,서울특별시,서초구,방배2동,E,가정용품 및 가사 서비스
359,201910,2,2,3,6,1,3000,11350630,서울특별시,노원구,상계1동,11710642,서울특별시,송파구,문정2동,A,식료품 및 비주류음료
360,201902,2,5,4,1,1,52000,11710642,서울특별시,송파구,문정2동,41271,경기도,안산시 상록구,,A,식료품 및 비주류음료
361,201901,2,7,3,2,36,11000,11410660,서울특별시,서대문구,홍은제1동,11710680,서울특별시,송파구,잠실3동,E,가정용품 및 가사 서비스
362,201806,2,2,2,1,1,7000,11545510,서울특별시,금천구,가산동,11710570,서울특별시,송파구,오금동,A,식료품 및 비주류음료
363,201801,2,6,5,1,119,21000,11650530,서울특별시,서초구,서초3동,11680590,서울특별시,강남구,삼성2동,E,가정용품 및 가사 서비스
364,201911,2,4,5,2,12,99000,11305620,서울특별시,강북구,수유2동,11215780,서울특별시,광진구,능동,A,식료품 및 비주류음료
365,201903,2,4,6,1,1,4692000,11440660,서울특별시,마포구,서교동,11215710,서울특별시,광진구,화양동,B,주류 및 담배
366,201808,2,5,4,1,3,5000,11740560,서울특별시,강동구,고덕제2동,11170530,서울특별시,용산구,남영동,L,기타 상품 및 서비스
367,201811,2,2,1,1,2,148000,11530550,서울특별시,구로구,구로제4동,11380690,서울특별시,은평구,진관동,A,식료품 및 비주류음료
368,201905,2,3,3,1,2,8000,11500570,서울특별시,강서구,화곡제4동,11560535,서울특별시,영등포구,영등포동,E,가정용품 및 가사 서비스
369,201911,1,4,6,2,1,47000,11680531,서울특별시,강남구,논현2동,11710650,서울특별시,송파구,잠실본동,A,식료품 및 비주류음료
370,201804,1,4,2,1,11,15000,11440590,서울특별시,마포구,용강동,11500570,서울특별시,강서구,화곡제4동,A,식료품 및 비주류음료
371,201810,1,4,2,1,22,8000,11680545,서울특별시,강남구,압구정동,11545510,서울특별시,금천구,가산동,A,식료품 및 비주류음료
372,201809,2,5,5,1,1,2000,11410615,서울특별시,서대문구,연희동,28245,인천광역시,계양구,,A,식료품 및 비주류음료
373,201803,2,5,3,20,8,3000,11200645,서울특별시,성동구,옥수동,11710642,서울특별시,송파구,문정2동,A,식료품 및 비주류음료
374,201803,2,3,3,1,33,2000,11350630,서울특별시,노원구,상계1동,11710710,서울특별시,송파구,잠실6동,A,식료품 및 비주류음료
375,201803,2,5,4,1,5,5000,11410660,서울특별시,서대문구,홍은제1동,30170,대전광역시,서구,,E,가정용품 및 가사 서비스
376,201802,1,5,5,3,7,1000,11620615,서울특별시,관악구,중앙동,11140540,서울특별시,중구,회현동,A,식료품 및 비주류음료
377,201901,2,3,4,26,2,18000,11650531,서울특별시,서초구,서초4동,11650510,서울특별시,서초구,서초1동,A,식료품 및 비주류음료
378,201801,2,4,3,7,5,2000,11470640,서울특별시,양천구,신정3동,11650510,서울특별시,서초구,서초1동,B,주류 및 담배
379,201801,1,6,4,1,1,4726000,11650652,서울특별시,서초구,양재2동,41610,경기도,광주시,,B,주류 및 담배
380,201803,1,2,4,2,10,4000,11200550,서울특별시,성동구,사근동,11545610,서울특별시,금천구,독산제1동,A,식료품 및 비주류음료
381,201904,1,5,1,6,1,3000,11680670,서울특별시,강남구,개포2동,11680510,서울특별시,강남구,신사동,A,식료품 및 비주류음료
382,201906,2,5,6,5,4,6000,11410660,서울특별시,서대문구,홍은제1동,28110,인천광역시,중구,,I,오락 및 문화
383,201911,2,5,5,20,610,264000,11710690,서울특별시,송파구,잠실4동,11305630,서울특별시,강북구,수유3동,A,식료품 및 비주류음료
384,201903,2,5,5,7,1,45000,11650560,서울특별시,서초구,반포1동,11650530,서울특별시,서초구,서초3동,I,오락 및 문화
385,201905,2,4,3,2,1,10000,11440655,서울특별시,마포구,서강동,11410640,서울특별시,서대문구,홍제제3동,L,기타 상품 및 서비스
386,201908,2,5,3,5,5,8000,11215710,서울특별시,광진구,화양동,11500640,서울특별시,강서구,방화제2동,A,식료품 및 비주류음료
387,201807,1,2,3,2,5,25000,11680700,서울특별시,강남구,세곡동,11680610,서울특별시,강남구,대치2동,E,가정용품 및 가사 서비스
388,201812,1,5,6,3,45,7000,11410720,서울특별시,서대문구,북가좌제2동,11710620,서울특별시,송파구,가락본동,E,가정용품 및 가사 서비스
389,201912,2,4,6,2,4,24000,11260580,서울특별시,중랑구,상봉제1동,11650590,서울특별시,서초구,방배본동,L,기타 상품 및 서비스
390,201909,2,4,6,5,17,37000,11680720,서울특별시,강남구,일원본동,41210,경기도,광명시,,A,식료품 및 비주류음료
391,201806,2,5,5,1,12,54000,11215740,서울특별시,광진구,중곡제1동,11710680,서울특별시,송파구,잠실3동,E,가정용품 및 가사 서비스
392,201802,2,5,3,1,1,104000,11260655,서울특별시,중랑구,망우본동,11710710,서울특별시,송파구,잠실6동,A,식료품 및 비주류음료
393,201808,1,5,3,1,3,28000,11440610,서울특별시,마포구,염리동,11320690,서울특별시,도봉구,방학제1동,L,기타 상품 및 서비스
394,201811,2,2,6,4,1,5000,11650590,서울특별시,서초구,방배본동,11710600,서울특별시,송파구,석촌동,A,식료품 및 비주류음료
395,201911,2,3,3,1,4,9000,11320512,서울특별시,도봉구,창제2동,11140540,서울특별시,중구,회현동,A,식료품 및 비주류음료
396,201810,1,5,5,2,1,48000,11710531,서울특별시,송파구,거여1동,11140540,서울특별시,중구,회현동,A,식료품 및 비주류음료
397,201804,1,3,4,1,3,19000,11380580,서울특별시,은평구,응암제1동,11650530,서울특별시,서초구,서초3동,A,식료품 및 비주류음료
398,201906,2,2,3,1,10,88000,11170660,서울특별시,용산구,이태원제2동,41500,경기도,이천시,,A,식료품 및 비주류음료
399,201909,2,7,6,3,20,18000,11710650,서울특별시,송파구,잠실본동,11440660,서울특별시,마포구,서교동,E,가정용품 및 가사 서비스
400,201811,1,3,4,1,1,21000,11710641,서울특별시,송파구,문정1동,11710642,서울특별시,송파구,문정2동,I,오락 및 문화
401,201808,1,3,4,1,1,176000,11650531,서울특별시,서초구,서초4동,11560610,서울특별시,영등포구,양평제1동,L,기타 상품 및 서비스
402,201806,1,2,3,1,1,18000,11620725,서울특별시,관악구,조원동,41310,경기도,구리시,,B,주류 및 담배
403,201812,2,4,5,18,10,21000,11410520,서울특별시,서대문구,천연동,11440740,서울특별시,마포구,상암동,B,주류 및 담배
404,201809,1,5,6,3,9,107000,11410615,서울특별시,서대문구,연희동,11710710,서울특별시,송파구,잠실6동,B,주류 및 담배
405,201907,1,4,4,7,5,9000,11710580,서울특별시,송파구,송파1동,28245,인천광역시,계양구,,B,주류 및 담배
406,201801,1,2,3,54,29,8000,11110680,서울특별시,종로구,창신제2동,41150,경기도,의정부시,,E,가정용품 및 가사 서비스
407,201910,1,3,5,1,2,84000,11590650,서울특별시,동작구,사당제4동,11410585,서울특별시,서대문구,신촌동,A,식료품 및 비주류음료
408,201803,2,5,6,5,2,3000,11470580,서울특별시,양천구,신월3동,11500510,서울특별시,강서구,염창동,A,식료품 및 비주류음료
409,201811,2,4,5,1,1,14000,11320513,서울특별시,도봉구,창제3동,11560535,서울특별시,영등포구,영등포동,A,식료품 및 비주류음료
410,201909,1,5,6,16,8,23000,11230600,서울특별시,동대문구,답십리제1동,11230660,서울특별시,동대문구,장안제2동,B,주류 및 담배
411,201811,2,5,4,5,4,1000,11440600,서울특별시,마포구,대흥동,41430,경기도,의왕시,,A,식료품 및 비주류음료
412,201810,1,6,5,1,3,14000,11230536,서울특별시,동대문구,용신동,42780,강원도,철원군,,B,주류 및 담배
413,201908,2,3,3,2,2,6000,11710632,서울특별시,송파구,가락2동,11680750,서울특별시,강남구,수서동,B,주류 및 담배
414,201902,1,2,6,9,1,222000,11440565,서울특별시,마포구,공덕동,28185,인천광역시,연수구,,E,가정용품 및 가사 서비스
415,201904,1,6,6,2,1,15000,11500540,서울특별시,강서구,화곡제1동,11710710,서울특별시,송파구,잠실6동,B,주류 및 담배
416,201903,1,3,6,2,2,41000,11650621,서울특별시,서초구,방배4동,11500620,서울특별시,강서구,공항동,A,식료품 및 비주류음료
417,201811,2,3,6,1,36,21000,11680565,서울특별시,강남구,청담동,11710680,서울특별시,송파구,잠실3동,L,기타 상품 및 서비스
418,201804,2,3,2,5,7,22000,11680670,서울특별시,강남구,개포2동,11560610,서울특별시,영등포구,양평제1동,A,식료품 및 비주류음료
419,201901,1,4,6,1,2,1000,11200560,서울특별시,성동구,행당제1동,11305660,서울특별시,강북구,인수동,B,주류 및 담배
420,201801,1,4,6,2,3,13000,11260540,서울특별시,중랑구,면목제4동,11530510,서울특별시,구로구,신도림동,A,식료품 및 비주류음료
421,201909,2,2,5,1,21,5000,11170625,서울특별시,용산구,한강로동,11545610,서울특별시,금천구,독산제1동,A,식료품 및 비주류음료
422,201808,2,4,5,1,1,4000,11200570,서울특별시,성동구,행당제2동,41135,경기도,성남시 분당구,,A,식료품 및 비주류음료
423,201908,2,4,3,1,1,9000,11620575,서울특별시,관악구,행운동,41465,경기도,용인시 수지구,,A,식료품 및 비주류음료
424,201903,1,5,5,1,2,25000,11440660,서울특별시,마포구,서교동,41570,경기도,김포시,,B,주류 및 담배
425,201807,2,3,5,1,3,6000,11380640,서울특별시,은평구,증산동,11230560,서울특별시,동대문구,전농제1동,A,식료품 및 비주류음료
426,201911,2,4,3,3,11,15000,11710690,서울특별시,송파구,잠실4동,11410720,서울특별시,서대문구,북가좌제2동,A,식료품 및 비주류음료
427,201908,2,2,5,7,92,12000,11350560,서울특별시,노원구,월계1동,11680690,서울특별시,강남구,개포4동,C,의류 및 신발
428,201805,2,7,4,1,6,9000,11260610,서울특별시,중랑구,중화제2동,11320690,서울특별시,도봉구,방학제1동,B,주류 및 담배
429,201908,2,6,6,3,1,105000,11590630,서울특별시,동작구,사당제2동,11260655,서울특별시,중랑구,망우본동,E,가정용품 및 가사 서비스
430,201912,1,3,5,1,1,11000,11560700,서울특별시,영등포구,대림제1동,11140540,서울특별시,중구,회현동,B,주류 및 담배
431,201906,2,6,5,1,1,2457000,11260520,서울특별시,중랑구,면목제2동,41285,경기도,고양시 일산동구,,B,주류 및 담배
432,201909,2,3,6,2,1,30000,11350710,서울특별시,노원구,상계9동,41281,경기도,고양시 덕양구,,L,기타 상품 및 서비스
433,201802,1,4,3,1,5,51000,11545610,서울특별시,금천구,독산제1동,41135,경기도,성남시 분당구,,B,주류 및 담배
434,201810,2,4,4,1,3,8000,11620715,서울특별시,관악구,난향동,11710680,서울특별시,송파구,잠실3동,A,식료품 및 비주류음료
435,201912,2,5,4,2,7,19000,11110570,서울특별시,종로구,무악동,43150,충청북도,제천시,,E,가정용품 및 가사 서비스
436,201807,2,5,5,7,3,49000,11680700,서울특별시,강남구,세곡동,11470520,서울특별시,양천구,목2동,E,가정용품 및 가사 서비스
437,201812,2,2,4,2,1,11000,11710550,서울특별시,송파구,마천2동,11320710,서울특별시,도봉구,방학제3동,I,오락 및 문화
438,201804,1,2,5,1,1,104000,11305545,서울특별시,강북구,송중동,11560535,서울특별시,영등포구,영등포동,L,기타 상품 및 서비스
439,201908,2,6,6,1,1,2000,11710710,서울특별시,송파구,잠실6동,41463,경기도,용인시 기흥구,,I,오락 및 문화
440,201805,2,3,5,4,2,34000,11290810,서울특별시,성북구,석관동,11710710,서울특별시,송파구,잠실6동,E,가정용품 및 가사 서비스
441,201911,2,4,3,2,3,8000,11470510,서울특별시,양천구,목1동,11140590,서울특별시,중구,광희동,B,주류 및 담배
442,201801,2,2,3,1,2,88000,11500520,서울특별시,강서구,등촌제1동,11230660,서울특별시,동대문구,장안제2동,A,식료품 및 비주류음료
443,201809,1,4,5,5,12,66000,11740590,서울특별시,강동구,암사제3동,11350621,서울특별시,노원구,중계1동,B,주류 및 담배
444,201807,1,4,5,2,31,7000,11680650,서울특별시,강남구,역삼2동,11140635,서울특별시,중구,약수동,A,식료품 및 비주류음료
445,201803,2,2,6,1,5,20000,11215820,서울특별시,광진구,자양제1동,36110,세종특별자치시,,,B,주류 및 담배
446,201910,2,2,5,54,2,2000,11170560,서울특별시,용산구,원효로제1동,11500620,서울특별시,강서구,공항동,E,가정용품 및 가사 서비스
447,201906,2,4,5,6,3,4000,11350621,서울특별시,노원구,중계1동,11215820,서울특별시,광진구,자양제1동,A,식료품 및 비주류음료
448,201902,2,5,5,4,9,2000,11170630,서울특별시,용산구,이촌제1동,11500620,서울특별시,강서구,공항동,A,식료품 및 비주류음료
449,201803,2,3,4,1,1,2302000,11305660,서울특별시,강북구,인수동,11350621,서울특별시,노원구,중계1동,A,식료품 및 비주류음료
450,201902,1,5,4,14,10,204000,11140625,서울특별시,중구,다산동,11650510,서울특별시,서초구,서초1동,A,식료품 및 비주류음료
451,201904,2,4,5,1,1,2000,11710580,서울특별시,송파구,송파1동,11500620,서울특별시,강서구,공항동,J,교육
452,201912,1,3,1,1,1,22000,11410710,서울특별시,서대문구,북가좌제1동,11545610,서울특별시,금천구,독산제1동,A,식료품 및 비주류음료
453,201901,2,2,6,5,1,503000,11305660,서울특별시,강북구,인수동,27140,대구광역시,동구,,B,주류 및 담배
454,201803,2,3,4,1,2,10000,11650621,서울특별시,서초구,방배4동,11170560,서울특별시,용산구,원효로제1동,E,가정용품 및 가사 서비스
455,201803,1,6,5,9,1,4000,11500540,서울특별시,강서구,화곡제1동,11530750,서울특별시,구로구,개봉제2동,B,주류 및 담배
456,201905,2,4,5,1,1,1000,11740640,서울특별시,강동구,성내제1동,11650520,서울특별시,서초구,서초2동,A,식료품 및 비주류음료
457,201909,2,3,4,2,1,28000,11680545,서울특별시,강남구,압구정동,28185,인천광역시,연수구,,G,교통
458,201901,2,2,3,2,31,13000,11230536,서울특별시,동대문구,용신동,11560610,서울특별시,영등포구,양평제1동,L,기타 상품 및 서비스
459,201903,2,2,4,3,1,1191000,11440710,서울특별시,마포구,연남동,11380530,서울특별시,은평구,불광제2동,A,식료품 및 비주류음료
460,201806,1,3,5,1,2,61000,11545630,서울특별시,금천구,독산제3동,11410660,서울특별시,서대문구,홍은제1동,I,오락 및 문화
461,201806,1,4,3,1,11,8000,11710580,서울특별시,송파구,송파1동,41250,경기도,동두천시,,B,주류 및 담배
462,201907,1,3,5,1,20,2000,11530760,서울특별시,구로구,개봉제3동,11170690,서울특별시,용산구,서빙고동,G,교통
463,201903,2,3,3,1,3,3000,11650651,서울특별시,서초구,양재1동,11470540,서울특별시,양천구,목4동,B,주류 및 담배
464,201805,1,3,5,5,6,539000,11230545,서울특별시,동대문구,제기동,11230560,서울특별시,동대문구,전농제1동,A,식료품 및 비주류음료
465,201811,2,4,3,28,1,109000,11260620,서울특별시,중랑구,묵제1동,11200560,서울특별시,성동구,행당제1동,E,가정용품 및 가사 서비스
466,201805,1,5,5,13,1,2000,11710647,서울특별시,송파구,위례동,11710710,서울특별시,송파구,잠실6동,E,가정용품 및 가사 서비스
467,201906,2,4,6,1,3,5000,11680655,서울특별시,강남구,도곡1동,29200,광주광역시,광산구,,A,식료품 및 비주류음료
468,201906,2,3,5,1,80,49000,11380690,서울특별시,은평구,진관동,11620685,서울특별시,관악구,신사동,A,식료품 및 비주류음료
469,201906,1,2,5,1,1,15000,11260680,서울특별시,중랑구,신내1동,28245,인천광역시,계양구,,A,식료품 및 비주류음료
470,201908,2,5,5,1,9,13000,11410615,서울특별시,서대문구,연희동,11215870,서울특별시,광진구,구의제3동,A,식료품 및 비주류음료
471,201905,2,5,4,8,1,162000,11200560,서울특별시,성동구,행당제1동,11305630,서울특별시,강북구,수유3동,B,주류 및 담배
472,201811,2,5,4,1,1,9000,11290760,서울특별시,성북구,장위제1동,29140,광주광역시,서구,,B,주류 및 담배
473,201905,1,6,4,1,1,6000,11680650,서울특별시,강남구,역삼2동,11545610,서울특별시,금천구,독산제1동,A,식료품 및 비주류음료
474,201809,2,3,5,1,5,35000,11500510,서울특별시,강서구,염창동,30200,대전광역시,유성구,,E,가정용품 및 가사 서비스
475,201809,1,4,6,7,3,24000,11740590,서울특별시,강동구,암사제3동,11260590,서울특별시,중랑구,상봉제2동,B,주류 및 담배
476,201909,2,5,4,5,14,250000,11545630,서울특별시,금천구,독산제3동,11230560,서울특별시,동대문구,전농제1동,E,가정용품 및 가사 서비스
477,201901,2,6,6,3,1,3000,11320522,서울특별시,도봉구,도봉제2동,36110,세종특별자치시,,,E,가정용품 및 가사 서비스
478,201907,1,3,4,1,1249,4000,11680630,서울특별시,강남구,대치4동,11560610,서울특별시,영등포구,양평제1동,B,주류 및 담배
479,201810,2,4,5,11,1,238000,11305600,서울특별시,강북구,번2동,11350625,서울특별시,노원구,중계2.3동,E,가정용품 및 가사 서비스
480,201907,2,4,5,1,10,32000,11305555,서울특별시,강북구,송천동,11350695,서울특별시,노원구,상계6.7동,A,식료품 및 비주류음료
481,201908,2,3,1,1,1,9000,11230710,서울특별시,동대문구,회기동,11710710,서울특별시,송파구,잠실6동,E,가정용품 및 가사 서비스
482,201904,1,4,5,4,2,1000,11140650,서울특별시,중구,신당제5동,11530530,서울특별시,구로구,구로제2동,A,식료품 및 비주류음료
483,201802,1,2,5,31,2,5000,11110550,서울특별시,종로구,부암동,11620655,서울특별시,관악구,신원동,A,식료품 및 비주류음료
484,201810,2,5,5,5,105,183000,11620775,서울특별시,관악구,난곡동,11500615,서울특별시,강서구,우장산동,I,오락 및 문화
485,201808,2,3,4,1,11,200000,11440690,서울특별시,마포구,망원제1동,11710632,서울특별시,송파구,가락2동,E,가정용품 및 가사 서비스
486,201901,2,3,5,146,1,326000,11620745,서울특별시,관악구,삼성동,11170650,서울특별시,용산구,이태원제1동,A,식료품 및 비주류음료
487,201905,1,5,4,7,1,12000,11170700,서울특별시,용산구,보광동,11200670,서울특별시,성동구,성수2가제1동,B,주류 및 담배
488,201809,2,4,5,2,2,5078000,11620585,서울특별시,관악구,낙성대동,41250,경기도,동두천시,,A,식료품 및 비주류음료
489,201801,2,4,2,1,21,294000,11590650,서울특별시,동작구,사당제4동,11680610,서울특별시,강남구,대치2동,C,의류 및 신발
490,201902,2,4,6,7,1756,2000,11680700,서울특별시,강남구,세곡동,41150,경기도,의정부시,,C,의류 및 신발
491,201810,1,4,3,19,7,16000,11230570,서울특별시,동대문구,전농제2동,11140550,서울특별시,중구,명동,I,오락 및 문화
492,201908,1,4,6,1,1,50000,11500540,서울특별시,강서구,화곡제1동,11680650,서울특별시,강남구,역삼2동,E,가정용품 및 가사 서비스
493,201910,2,2,4,1,4,7000,11500560,서울특별시,강서구,화곡제3동,11230570,서울특별시,동대문구,전농제2동,J,교육
494,201812,2,6,4,6,7,87000,11290525,서울특별시,성북구,성북동,11545610,서울특별시,금천구,독산제1동,J,교육
495,201804,2,1,1,1,3,30000,11590660,서울특별시,동작구,대방동,11230730,서울특별시,동대문구,휘경제2동,A,식료품 및 비주류음료
496,201805,2,4,6,4,39,9000,11545700,서울특별시,금천구,시흥제4동,11470650,서울특별시,양천구,신정4동,L,기타 상품 및 서비스
497,201803,2,5,6,4,1,8000,11350640,서울특별시,노원구,상계2동,11260630,서울특별시,중랑구,묵제2동,A,식료품 및 비주류음료
498,201808,2,4,4,1,2,151000,11740515,서울특별시,강동구,강일동,41390,경기도,시흥시,,A,식료품 및 비주류음료
499,201809,2,4,6,2,5,2000,11320514,서울특별시,도봉구,창제4동,11350621,서울특별시,노원구,중계1동,E,가정용품 및 가사 서비스
