,기준년월(STD_YM),성별코드(SEX_CD),연령대코드(AGE_CD),시간대코드(TIME_CD),구매_고객수(ACC_CNT),구매건수(PURH_CNT),구매금액(PURH_AMT),구매자지역(BUYER_AREA),구매자_시도명(B_SIDO_NM),구매자_시군구명(B_SIGNGU_NM),구매자_읍면동명(B_EMD_NM),세부분류코드(DETAL_CLASS_CD),세부분류명(DETAL_CLASS_NM),통계청분류코드(STAT_CLASS_CD),통계청분류명(STAT_CLASS_NM)
0,201902,2,6,4,3,1,16000,11215750,서울특별시,광진구,중곡제2동,1050907,비타민음료,A,식료품 및 비주류음료
1,201910,2,3,3,1,2,5000,11350595,서울특별시,노원구,공릉1동,1070201,달걀,A,식료품 및 비주류음료
2,201911,1,4,3,1,1,44000,11215810,서울특별시,광진구,광장동,1080102,소주,B,주류 및 담배
3,201809,2,3,4,1,1,4000,11545610,서울특별시,금천구,독산제1동,1080109,와인,B,주류 및 담배
4,201812,2,2,4,1,2,5000,26320,부산광역시,북구,,1020302,하드비스켓,A,식료품 및 비주류음료
5,201911,2,4,5,1,2,2000,11230610,서울특별시,동대문구,답십리제2동,4020206,자동차/기차/비행기,I,오락 및 문화
6,201908,2,4,5,1,2,1000,11530770,서울특별시,구로구,오류제1동,1070103,잡곡,A,식료품 및 비주류음료
7,201905,2,5,3,1,1,6000,11470670,서울특별시,양천구,신정6동,1011107,축산소재류(냉장/냉동),A,식료품 및 비주류음료
8,201805,2,6,4,1,3,2000,11500550,서울특별시,강서구,화곡제2동,9020404,우산/양산,C,의류 및 신발
9,201806,1,5,5,1,1,23000,11545670,서울특별시,금천구,시흥제1동,1050604,결명자차음료,A,식료품 및 비주류음료
10,201801,2,5,5,1,1,3000,11710532,서울특별시,송파구,거여2동,1018899,가공식품기획세트,A,식료품 및 비주류음료
11,201912,2,4,4,1,7,6000,11650590,서울특별시,서초구,방배본동,1010601,소시지류,A,식료품 및 비주류음료
12,201804,2,3,5,1,1,1000,11710620,서울특별시,송파구,가락본동,1060201,후레쉬우유,A,식료품 및 비주류음료
13,201906,1,3,6,21,1,1000,41115,경기도,수원시 팔달구,,1011601,일반두부,A,식료품 및 비주류음료
14,201901,2,4,5,1,4,4000,11380640,서울특별시,은평구,증산동,1080102,소주,B,주류 및 담배
15,201903,1,3,5,1,1,69000,11290650,서울특별시,성북구,정릉제4동,1011806,간편죽류,A,식료품 및 비주류음료
16,201803,2,2,4,1,2,32000,11380690,서울특별시,은평구,진관동,1070109,과수,A,식료품 및 비주류음료
17,201902,2,3,4,1,1,4000,11290555,서울특별시,성북구,삼선동,1050202,저과즙음료,A,식료품 및 비주류음료
18,201807,1,5,3,1,1,10000,46860,전라남도,함평군,,1070201,달걀,A,식료품 및 비주류음료
19,201909,2,3,3,1,1,16000,11230705,서울특별시,동대문구,청량리동,1011201,분말카레,A,식료품 및 비주류음료
20,201912,2,5,5,1,3,14000,11680720,서울특별시,강남구,일원본동,1010302,된장,A,식료품 및 비주류음료
21,201807,1,3,5,1,5,6000,11710600,서울특별시,송파구,석촌동,1010708,봉지라면,A,식료품 및 비주류음료
22,201807,1,4,4,1,1,10000,48860,경상남도,산청군,,1060101,드링크발효유,A,식료품 및 비주류음료
23,201808,1,4,4,10,1,1000,41190,경기도,부천시,,1060301,딸기우유,A,식료품 및 비주류음료
24,201809,2,5,4,1,2,3000,11290555,서울특별시,성북구,삼선동,1060201,후레쉬우유,A,식료품 및 비주류음료
25,201803,1,5,5,1,1,4000,11470610,서울특별시,양천구,신월6동,1020599,기타반생케익류,A,식료품 및 비주류음료
26,201807,2,3,5,1,1,2000,11290660,서울특별시,성북구,길음제1동,1100101,담배,B,주류 및 담배
27,201908,1,6,4,1,1,6000,11620645,서울특별시,관악구,서원동,1020499,볼및기타,A,식료품 및 비주류음료
28,201905,2,5,5,1,1,13000,11680720,서울특별시,강남구,일원본동,1020603,소맥스낵,A,식료품 및 비주류음료
29,201901,2,4,5,1,2,2000,11320522,서울특별시,도봉구,도봉제2동,1060302,바나나우유,A,식료품 및 비주류음료
30,201801,2,3,2,1,1,5000,41480,경기도,파주시,,1060502,조제분유,A,식료품 및 비주류음료
31,201808,1,4,1,1,1,1000,11215870,서울특별시,광진구,구의제3동,5050108,진열선반/장식선반,E,가정용품 및 가사 서비스
32,201811,1,7,2,1,1,1000,11410720,서울특별시,서대문구,북가좌제2동,1050801,생수,A,식료품 및 비주류음료
33,201801,2,2,4,1,1,4000,29170,광주광역시,북구,,1110104,일식,A,식료품 및 비주류음료
34,201911,2,5,5,1,8,30000,11680590,서울특별시,강남구,삼성2동,1010902,도시락류,A,식료품 및 비주류음료
35,201809,1,3,5,4,2,10000,11740580,서울특별시,강동구,암사제2동,1020601,옥수수스낵,A,식료품 및 비주류음료
36,201904,2,5,5,1,1,1000,11710550,서울특별시,송파구,마천2동,1070108,조미채소,A,식료품 및 비주류음료
37,201802,1,7,4,1,1,9000,41450,경기도,하남시,,1010712,우동,A,식료품 및 비주류음료
38,201811,2,5,4,5,15,4000,11320670,서울특별시,도봉구,쌍문제2동,1030106,케익/머핀,A,식료품 및 비주류음료
39,201810,2,4,5,2,2,5000,11710550,서울특별시,송파구,마천2동,1010205,소스류,A,식료품 및 비주류음료
40,201802,2,6,5,3,1,30000,41285,경기도,고양시 일산동구,,1020301,소프트비스켓,A,식료품 및 비주류음료
41,201808,1,4,5,1,3,24000,11410565,서울특별시,서대문구,충현동,1020603,소맥스낵,A,식료품 및 비주류음료
42,201803,1,4,4,1,4,33000,11710610,서울특별시,송파구,삼전동,1011107,축산소재류(냉장/냉동),A,식료품 및 비주류음료
43,201910,1,7,3,1,4,1000,11560650,서울특별시,영등포구,신길제3동,1020404,초코바,A,식료품 및 비주류음료
44,201810,2,4,6,1,2,22000,11650530,서울특별시,서초구,서초3동,1011107,축산소재류(냉장/냉동),A,식료품 및 비주류음료
45,201903,1,4,3,1,1,15000,11170520,서울특별시,용산구,용산2가동,5030301,건전지,E,가정용품 및 가사 서비스
46,201810,2,3,3,1,1,8000,11380520,서울특별시,은평구,불광제1동,1010213,드레싱류,A,식료품 및 비주류음료
47,201809,1,4,6,1,9,7000,11710647,서울특별시,송파구,위례동,1070105,과채류,A,식료품 및 비주류음료
48,201907,1,4,5,1,1,10000,11320513,서울특별시,도봉구,창제3동,2010303,생리대,E,가정용품 및 가사 서비스
49,201903,2,3,6,3,1,8000,41430,경기도,의왕시,,3020101,바디클렌저,L,기타 상품 및 서비스
50,201907,1,2,5,2,133,15000,41281,경기도,고양시 덕양구,,1060101,드링크발효유,A,식료품 및 비주류음료
51,201908,1,5,4,1,4,5000,11140635,서울특별시,중구,약수동,1011407,어리굴젓,A,식료품 및 비주류음료
52,201911,2,7,4,1,1,16000,11380570,서울특별시,은평구,대조동,2010302,미용티슈,E,가정용품 및 가사 서비스
53,201911,2,2,5,1,1,23000,41410,경기도,군포시,,1070110,특용작물,A,식료품 및 비주류음료
54,201801,2,3,3,2,1,4000,11320512,서울특별시,도봉구,창제2동,1070105,과채류,A,식료품 및 비주류음료
55,201805,2,5,3,1,7,1000,11740560,서울특별시,강동구,고덕제2동,1070303,굴조개류,A,식료품 및 비주류음료
56,201907,2,3,4,1,1,3000,41465,경기도,용인시 수지구,,1040105,펜슬 아이스크림,A,식료품 및 비주류음료
57,201905,2,2,3,1,2,2000,29170,광주광역시,북구,,2010401,주방세제,E,가정용품 및 가사 서비스
58,201805,2,4,5,1,1,4000,46170,전라남도,나주시,,1070303,굴조개류,A,식료품 및 비주류음료
59,201904,2,4,2,1,1,2000,11410685,서울특별시,서대문구,홍은제2동,1011201,분말카레,A,식료품 및 비주류음료
60,201806,2,4,5,1,1,159000,29170,광주광역시,북구,,1020602,감자스낵,A,식료품 및 비주류음료
61,201907,2,7,2,2,2,3000,11680650,서울특별시,강남구,역삼2동,1050102,콜라,A,식료품 및 비주류음료
62,201906,1,5,3,4,2,34000,11230560,서울특별시,동대문구,전농제1동,1070106,엽채류,A,식료품 및 비주류음료
63,201801,2,4,3,1,2,6000,11500510,서울특별시,강서구,염창동,1050302,컵/PET커피,A,식료품 및 비주류음료
64,201906,2,5,4,1,2,5000,11410690,서울특별시,서대문구,남가좌제1동,1011804,가공밥,A,식료품 및 비주류음료
65,201908,2,2,5,1,3,20000,41150,경기도,의정부시,,1020601,옥수수스낵,A,식료품 및 비주류음료
66,201906,2,4,4,6,2,5000,41590,경기도,화성시,,2010303,생리대,E,가정용품 및 가사 서비스
67,201904,1,4,6,1,1,24000,11215750,서울특별시,광진구,중곡제2동,1010708,봉지라면,A,식료품 및 비주류음료
68,201807,2,5,6,1,2,4000,41670,경기도,여주시,,1060202,강화우유,A,식료품 및 비주류음료
69,201805,2,3,6,1,3,19000,11620695,서울특별시,관악구,신림동,1010302,된장,A,식료품 및 비주류음료
70,201802,2,4,5,1,2,9000,11710620,서울특별시,송파구,가락본동,1070109,과수,A,식료품 및 비주류음료
71,201901,2,5,6,2,1,32000,11710570,서울특별시,송파구,오금동,1010205,소스류,A,식료품 및 비주류음료
72,201802,1,3,4,1,1,1000,11680590,서울특별시,강남구,삼성2동,1060102,액상발효유,A,식료품 및 비주류음료
73,201903,2,2,3,1,1,14000,11710590,서울특별시,송파구,송파2동,1030102,과자빵류,A,식료품 및 비주류음료
74,201811,2,7,4,1,1,2000,11410620,서울특별시,서대문구,홍제제1동,4020205,조립모형/피규어,I,오락 및 문화
75,201909,1,3,3,2,2,15000,11320522,서울특별시,도봉구,도봉제2동,1011104,조리냉동식품,A,식료품 및 비주류음료
76,201908,1,4,4,1,1,3000,11350612,서울특별시,노원구,하계2동,3010110,마스크팩,L,기타 상품 및 서비스
77,201811,2,6,6,1,5,10000,11740550,서울특별시,강동구,고덕제1동,5010701,일회용종이컵,E,가정용품 및 가사 서비스
78,201906,2,4,5,1,4,3000,41135,경기도,성남시 분당구,,1011501,어묵,A,식료품 및 비주류음료
79,201804,2,1,6,2,1,13000,11560540,서울특별시,영등포구,여의동,1020602,감자스낵,A,식료품 및 비주류음료
80,201802,2,3,4,1,1,4000,11560605,서울특별시,영등포구,문래동,1010604,캔햄류,A,식료품 및 비주류음료
81,201810,2,2,3,1,1,6000,11230650,서울특별시,동대문구,장안제1동,1070399,기타수산물,A,식료품 및 비주류음료
82,201805,1,6,6,1,1,7000,11680656,서울특별시,강남구,도곡2동,1011603,연두부,A,식료품 및 비주류음료
83,201809,2,4,3,1,1,2000,11560560,서울특별시,영등포구,당산제2동,5030301,건전지,E,가정용품 및 가사 서비스
84,201901,1,4,5,2,2,1000,41463,경기도,용인시 기흥구,,1070106,엽채류,A,식료품 및 비주류음료
85,201803,2,4,6,1,3,10000,11350619,서울특별시,노원구,중계본동,1010709,용기라면,A,식료품 및 비주류음료
86,201912,1,4,3,2,1,10000,27260,대구광역시,수성구,,1020504,크림케익,A,식료품 및 비주류음료
87,201908,2,7,2,1,1,3000,11710650,서울특별시,송파구,잠실본동,1020402,판초콜릿,A,식료품 및 비주류음료
88,201802,2,7,3,1,18,140000,11470530,서울특별시,양천구,목3동,1020704,씨리얼,A,식료품 및 비주류음료
89,201809,2,5,5,1,1,1000,11320710,서울특별시,도봉구,방학제3동,1070201,달걀,A,식료품 및 비주류음료
90,201909,1,4,5,10,2,5000,11380510,서울특별시,은평구,녹번동,3020203,헤어트리트먼트/헤어팩,L,기타 상품 및 서비스
91,201807,2,6,2,1,1,8000,11590530,서울특별시,동작구,상도제1동,1010804,참치 통조림,A,식료품 및 비주류음료
92,201904,1,5,4,2,1,11000,11710670,서울특별시,송파구,잠실2동,1011201,분말카레,A,식료품 및 비주류음료
93,201909,1,2,3,1,1,4000,11320660,서울특별시,도봉구,쌍문제1동,3010110,마스크팩,L,기타 상품 및 서비스
94,201808,1,5,4,1,1,6000,11410620,서울특별시,서대문구,홍제제1동,5020205,쓰레기봉투,E,가정용품 및 가사 서비스
95,201812,2,4,3,1,5,140000,11380552,서울특별시,은평구,갈현제2동,1050602,보리차음료,A,식료품 및 비주류음료
96,201803,2,5,4,1,2,30000,11110580,서울특별시,종로구,교남동,1010402,후추가루,A,식료품 및 비주류음료
97,201907,1,4,3,1,1,2000,11500540,서울특별시,강서구,화곡제1동,1070203,새알기타류,A,식료품 및 비주류음료
98,201907,2,4,3,1,5,20000,11230545,서울특별시,동대문구,제기동,1080106,진/보드카/럼,B,주류 및 담배
99,201901,2,3,4,2,3,5000,11380530,서울특별시,은평구,불광제2동,1011306,김,A,식료품 및 비주류음료
100,201910,2,2,5,3,1,23000,11680656,서울특별시,강남구,도곡2동,1011902,유아용음료,A,식료품 및 비주류음료
101,201812,2,6,4,1,1,14000,11680750,서울특별시,강남구,수서동,1020404,초코바,A,식료품 및 비주류음료
102,201802,1,2,6,1,5,145000,41360,경기도,남양주시,,1011101,만두류,A,식료품 및 비주류음료
103,201910,2,5,5,1,3,5000,11170560,서울특별시,용산구,원효로제1동,1070201,달걀,A,식료품 및 비주류음료
104,201903,2,2,3,1,1,6000,11710720,서울특별시,송파구,잠실7동,1060204,저지방우유,A,식료품 및 비주류음료
105,201904,2,4,6,1,1,5000,11710646,서울특별시,송파구,장지동,1050101,사이다,A,식료품 및 비주류음료
106,201910,2,4,3,1,4,4000,11320670,서울특별시,도봉구,쌍문제2동,1020401,초코과자초콜릿,A,식료품 및 비주류음료
107,201902,1,7,5,1,1,15000,11650531,서울특별시,서초구,서초4동,1010712,우동,A,식료품 및 비주류음료
108,201905,2,4,4,1,2,7000,11650531,서울특별시,서초구,서초4동,1070302,미가공해수어,A,식료품 및 비주류음료
109,201905,2,4,5,1,4,8000,11230560,서울특별시,동대문구,전농제1동,1020603,소맥스낵,A,식료품 및 비주류음료
110,201907,1,3,5,1,2,5000,11170520,서울특별시,용산구,용산2가동,2010503,탈취제,E,가정용품 및 가사 서비스
111,201802,2,2,5,5,1,3000,11680670,서울특별시,강남구,개포2동,4010501,스케치북,J,교육
112,201811,2,5,5,24,3,10000,11560540,서울특별시,영등포구,여의동,1020304,초코과자비스켓,A,식료품 및 비주류음료
113,201903,1,3,4,1,4,42000,11290600,서울특별시,성북구,안암동,1060199,기타발효유류,A,식료품 및 비주류음료
114,201911,2,4,4,1,1,4000,41820,경기도,가평군,,1011304,건조기류,A,식료품 및 비주류음료
115,201808,2,5,5,1,3,1000,11710570,서울특별시,송파구,오금동,1098802,국산차선물세트,A,식료품 및 비주류음료
116,201910,2,4,2,1,2,4000,11650530,서울특별시,서초구,서초3동,1030101,식빵류,A,식료품 및 비주류음료
117,201910,1,5,5,1,1,1000,11500550,서울특별시,강서구,화곡제2동,1050101,사이다,A,식료품 및 비주류음료
118,201902,2,3,5,1,1,10000,11305600,서울특별시,강북구,번2동,5010203,냄비,E,가정용품 및 가사 서비스
119,201811,2,4,4,1,1,4000,11290620,서울특별시,성북구,정릉제1동,3028802,헤어용품세트,L,기타 상품 및 서비스
120,201812,1,6,4,1,1,14000,11710650,서울특별시,송파구,잠실본동,1011604,유부,A,식료품 및 비주류음료
121,201906,2,3,3,1,4,12000,11650600,서울특별시,서초구,방배1동,1070108,조미채소,A,식료품 및 비주류음료
122,201812,1,4,4,1,1,1000,48170,경상남도,진주시,,1010601,소시지류,A,식료품 및 비주류음료
123,201908,2,3,6,3,1,50000,11305555,서울특별시,강북구,송천동,1050302,컵/PET커피,A,식료품 및 비주류음료
124,201803,2,5,5,1,1,19000,11620605,서울특별시,관악구,은천동,1011602,순두부,A,식료품 및 비주류음료
125,201808,2,3,5,1,1,19000,11680650,서울특별시,강남구,역삼2동,1010714,파스타류,A,식료품 및 비주류음료
126,201905,2,4,5,1,2,12000,11680660,서울특별시,강남구,개포1동,3020102,바디로션/크림,L,기타 상품 및 서비스
127,201805,2,5,4,1,1,5000,11410620,서울특별시,서대문구,홍제제1동,1070110,특용작물,A,식료품 및 비주류음료
128,201902,2,3,5,1,9,11000,11710680,서울특별시,송파구,잠실3동,1030103,호빵/찐빵류,A,식료품 및 비주류음료
129,201901,1,6,1,1,1,4000,11410585,서울특별시,서대문구,신촌동,1011903,유아용과자,A,식료품 및 비주류음료
130,201912,2,7,5,1,1,9000,11710562,서울특별시,송파구,방이2동,1070109,과수,A,식료품 및 비주류음료
131,201803,2,7,2,2,1,8000,11500560,서울특별시,강서구,화곡제3동,1060102,액상발효유,A,식료품 및 비주류음료
132,201904,1,3,6,14,3,4000,42150,강원도,강릉시,,1010205,소스류,A,식료품 및 비주류음료
133,201910,2,5,3,1,1,1000,41630,경기도,양주시,,1011804,가공밥,A,식료품 및 비주류음료
134,201804,1,3,5,1,2,6000,11380625,서울특별시,은평구,역촌동,1050302,컵/PET커피,A,식료품 및 비주류음료
135,201809,2,4,6,1,4,12000,11710561,서울특별시,송파구,방이1동,2010306,물티슈,E,가정용품 및 가사 서비스
136,201803,2,4,5,1,1,11000,11680630,서울특별시,강남구,대치4동,1011104,조리냉동식품,A,식료품 및 비주류음료
137,201906,2,4,5,2,1,6000,11305555,서울특별시,강북구,송천동,1080102,소주,B,주류 및 담배
138,201902,2,3,4,85,2,74000,41310,경기도,구리시,,1010212,즉석국류,A,식료품 및 비주류음료
139,201807,1,3,4,11,3,2000,11530740,서울특별시,구로구,개봉제1동,1010902,도시락류,A,식료품 및 비주류음료
140,201905,1,3,4,1,1,44000,11350695,서울특별시,노원구,상계6.7동,1020602,감자스낵,A,식료품 및 비주류음료
141,201905,2,4,3,1,1,20000,11410660,서울특별시,서대문구,홍은제1동,1070106,엽채류,A,식료품 및 비주류음료
142,201805,2,5,4,2,4,5000,11470550,서울특별시,양천구,목5동,1011104,조리냉동식품,A,식료품 및 비주류음료
143,201809,1,6,6,1,1,1000,11380520,서울특별시,은평구,불광제1동,1050616,미과즙음료,A,식료품 및 비주류음료
144,201912,2,5,5,1,17,2000,11305620,서울특별시,강북구,수유2동,1060303,커피우유,A,식료품 및 비주류음료
145,201905,2,5,3,1,1,2000,11410660,서울특별시,서대문구,홍은제1동,1080102,소주,B,주류 및 담배
146,201808,2,3,5,1,1,4000,41190,경기도,부천시,,1069999,기타유제품류,A,식료품 및 비주류음료
147,201901,2,4,3,1,1,5000,11380552,서울특별시,은평구,갈현제2동,1060204,저지방우유,A,식료품 및 비주류음료
148,201908,1,3,4,1,1,7000,46820,전라남도,해남군,,1010606,어육소시지류,A,식료품 및 비주류음료
149,201901,1,4,6,3,1,1000,11500641,서울특별시,강서구,방화제3동,6110399,기타노트북/태블릿액세서리,L,기타 상품 및 서비스
150,201906,2,4,2,1,2,5000,41463,경기도,용인시 기흥구,,1010607,조리냉장식품,A,식료품 및 비주류음료
151,201902,2,4,4,1,1,7000,11680700,서울특별시,강남구,세곡동,1070108,조미채소,A,식료품 및 비주류음료
152,201908,2,4,4,1,3,2000,11650621,서울특별시,서초구,방배4동,1011101,만두류,A,식료품 및 비주류음료
153,201808,2,2,4,2,1,4000,11530510,서울특별시,구로구,신도림동,1070105,과채류,A,식료품 및 비주류음료
154,201911,2,4,3,1,1,3000,41190,경기도,부천시,,1020304,초코과자비스켓,A,식료품 및 비주류음료
155,201907,2,2,4,1,1,2000,11710650,서울특별시,송파구,잠실본동,1011601,일반두부,A,식료품 및 비주류음료
156,201911,2,4,4,1,1,5000,11410555,서울특별시,서대문구,북아현동,1070108,조미채소,A,식료품 및 비주류음료
157,201910,1,4,5,1,1,5000,11350630,서울특별시,노원구,상계1동,1010213,드레싱류,A,식료품 및 비주류음료
158,201805,1,2,4,2,1,13000,11680700,서울특별시,강남구,세곡동,1020603,소맥스낵,A,식료품 및 비주류음료
159,201806,1,4,4,1,2,8000,11710642,서울특별시,송파구,문정2동,1050802,탄산수,A,식료품 및 비주류음료
160,201808,2,3,3,5,2,2000,11380552,서울특별시,은평구,갈현제2동,1010715,떡볶이,A,식료품 및 비주류음료
161,201902,2,3,6,1,1,5000,41360,경기도,남양주시,,1060399,기타가공유,A,식료품 및 비주류음료
162,201901,2,5,2,1,1,2000,11530540,서울특별시,구로구,구로제3동,1010207,물엿,A,식료품 및 비주류음료
163,201801,1,4,4,1,1,6000,11710647,서울특별시,송파구,위례동,1020502,초코파이,A,식료품 및 비주류음료
164,201909,1,4,5,1,1,8000,11350665,서울특별시,노원구,상계3.4동,1050299,기타과채류음료,A,식료품 및 비주류음료
165,201911,2,4,4,1,1,16000,11470550,서울특별시,양천구,목5동,1011711,프리믹스,A,식료품 및 비주류음료
166,201904,2,3,4,1,4,32000,11305545,서울특별시,강북구,송중동,1070105,과채류,A,식료품 및 비주류음료
167,201808,2,5,5,1,3,29000,11530520,서울특별시,구로구,구로제1동,1020401,초코과자초콜릿,A,식료품 및 비주류음료
168,201806,2,4,3,1,7,14000,41220,경기도,평택시,,1020304,초코과자비스켓,A,식료품 및 비주류음료
169,201803,2,3,6,5,2,2000,11410685,서울특별시,서대문구,홍은제2동,1020202,소프트캔디,A,식료품 및 비주류음료
170,201910,2,6,4,1,1,51000,11215860,서울특별시,광진구,구의제2동,1080109,와인,B,주류 및 담배
171,201906,2,3,5,1,3,3000,11710570,서울특별시,송파구,오금동,1020504,크림케익,A,식료품 및 비주류음료
172,201902,2,6,5,1,3,75000,28185,인천광역시,연수구,,1011601,일반두부,A,식료품 및 비주류음료
173,201803,2,4,5,1,1,65000,11260620,서울특별시,중랑구,묵제1동,2010304,기저귀,E,가정용품 및 가사 서비스
174,201812,2,5,3,3,1,14000,46110,전라남도,목포시,,1110102,중식,A,식료품 및 비주류음료
175,201807,2,4,5,1,2,6000,11305555,서울특별시,강북구,송천동,1070110,특용작물,A,식료품 및 비주류음료
176,201905,2,3,2,1,3,1000,11440720,서울특별시,마포구,성산제1동,1100101,담배,B,주류 및 담배
177,201903,2,3,2,1,1,11000,41590,경기도,화성시,,1050102,콜라,A,식료품 및 비주류음료
178,201812,2,4,6,4,1,1000,41360,경기도,남양주시,,3020302,면도기/면도날,L,기타 상품 및 서비스
179,201907,2,4,4,2,1,9000,11440555,서울특별시,마포구,아현동,1050101,사이다,A,식료품 및 비주류음료
180,201907,2,5,5,2,1,27000,11590650,서울특별시,동작구,사당제4동,1080101,맥주,B,주류 및 담배
181,201905,2,2,5,1,1,3000,11410685,서울특별시,서대문구,홍은제2동,1070106,엽채류,A,식료품 및 비주류음료
182,201811,2,6,6,2,1,3000,11230600,서울특별시,동대문구,답십리제1동,9030105,아동샌들/아쿠아슈즈,C,의류 및 신발
183,201909,2,4,5,1,1,52000,11530510,서울특별시,구로구,신도림동,2010407,배수구세정제,E,가정용품 및 가사 서비스
184,201810,2,3,6,1,1,7000,11290620,서울특별시,성북구,정릉제1동,1011602,순두부,A,식료품 및 비주류음료
185,201904,2,2,4,1,1,1000,11545630,서울특별시,금천구,독산제3동,1080109,와인,B,주류 및 담배
186,201802,2,5,4,2,1,29000,11290705,서울특별시,성북구,종암동,5010204,뚝배기,E,가정용품 및 가사 서비스
187,201911,2,5,6,1,1,12000,26290,부산광역시,남구,,1070102,서류,A,식료품 및 비주류음료
188,201910,1,4,2,7,1,9000,11410565,서울특별시,서대문구,충현동,5020101,욕실발판및매트,E,가정용품 및 가사 서비스
189,201901,2,2,3,2,1,255000,11530740,서울특별시,구로구,개봉제1동,1020404,초코바,A,식료품 및 비주류음료
190,201911,2,4,4,5,12,1000,11320521,서울특별시,도봉구,도봉제1동,1080101,맥주,B,주류 및 담배
191,201912,2,5,4,1,1,1000,29155,광주광역시,남구,,1060201,후레쉬우유,A,식료품 및 비주류음료
192,201907,1,5,4,1,1,5000,11470640,서울특별시,양천구,신정3동,1011006,반찬류,A,식료품 및 비주류음료
193,201912,2,4,5,1,2,14000,11260520,서울특별시,중랑구,면목제2동,1110101,한식,A,식료품 및 비주류음료
194,201904,2,2,4,1,1,4000,45113,전라북도,전주시 덕진구,,1070108,조미채소,A,식료품 및 비주류음료
195,201902,2,5,6,1,1,1000,41610,경기도,광주시,,1010206,설탕,A,식료품 및 비주류음료
196,201907,2,4,4,4,1,48000,11590530,서울특별시,동작구,상도제1동,1020307,맛밤류,A,식료품 및 비주류음료
197,201903,2,4,4,1,1,132000,11650510,서울특별시,서초구,서초1동,1070109,과수,A,식료품 및 비주류음료
198,201808,1,4,5,1,1,2000,11305606,서울특별시,강북구,번3동,1020603,소맥스낵,A,식료품 및 비주류음료
199,201808,2,4,4,3,1,13000,11410620,서울특별시,서대문구,홍제제1동,1070109,과수,A,식료품 및 비주류음료
200,201809,2,5,5,3,2,30000,41630,경기도,양주시,,1010603,베이컨류,A,식료품 및 비주류음료
201,201804,1,2,5,1,1,16000,41281,경기도,고양시 덕양구,,3020101,바디클렌저,L,기타 상품 및 서비스
202,201907,1,3,5,1,7,2000,11530510,서울특별시,구로구,신도림동,1050403,커피믹스,A,식료품 및 비주류음료
203,201809,2,2,6,1,1,1000,11410660,서울특별시,서대문구,홍은제1동,1050908,숙취해소음료,A,식료품 및 비주류음료
204,201811,2,3,5,1,2,25000,11710632,서울특별시,송파구,가락2동,5030401,문풍지/방충망,E,가정용품 및 가사 서비스
205,201806,2,4,3,1,3,32000,11470550,서울특별시,양천구,목5동,1020401,초코과자초콜릿,A,식료품 및 비주류음료
206,201805,1,4,5,1,1,7000,11470600,서울특별시,양천구,신월5동,1070109,과수,A,식료품 및 비주류음료
207,201912,2,4,6,2,1,1000,11680660,서울특별시,강남구,개포1동,1011602,순두부,A,식료품 및 비주류음료
208,201804,2,4,6,1,1,5000,11710561,서울특별시,송파구,방이1동,5010703,일회용용기,E,가정용품 및 가사 서비스
209,201904,1,4,5,1,1,17000,11560650,서울특별시,영등포구,신길제3동,1010801,농산물 병/통조림,A,식료품 및 비주류음료
210,201811,2,4,2,1,4,9000,11650600,서울특별시,서초구,방배1동,1011107,축산소재류(냉장/냉동),A,식료품 및 비주류음료
211,201911,2,2,4,1,2,3000,11440655,서울특별시,마포구,서강동,1120499,기타건강보조식품,A,식료품 및 비주류음료
212,201908,2,4,2,4,1,7000,11500550,서울특별시,강서구,화곡제2동,1070109,과수,A,식료품 및 비주류음료
213,201803,2,3,1,1,3,15000,11620565,서울특별시,관악구,성현동,1070105,과채류,A,식료품 및 비주류음료
214,201911,1,2,2,1,1,2000,41285,경기도,고양시 일산동구,,1020704,씨리얼,A,식료품 및 비주류음료
215,201804,2,4,5,1,1,1000,11110515,서울특별시,종로구,청운효자동,1010213,드레싱류,A,식료품 및 비주류음료
216,201905,2,3,5,1,2,15000,29200,광주광역시,광산구,,1070199,기타농산물,A,식료품 및 비주류음료
217,201907,1,3,5,1,1,25000,11590520,서울특별시,동작구,노량진제2동,1020301,소프트비스켓,A,식료품 및 비주류음료
218,201802,2,3,5,1,1,4000,11230650,서울특별시,동대문구,장안제1동,1010301,간장,A,식료품 및 비주류음료
219,201811,2,4,6,1,1,2000,11350621,서울특별시,노원구,중계1동,1011107,축산소재류(냉장/냉동),A,식료품 및 비주류음료
220,201808,1,2,3,1,1,21000,11500593,서울특별시,강서구,화곡제8동,1020303,샌드비스켓,A,식료품 및 비주류음료
221,201905,2,4,4,1,4,9000,11470600,서울특별시,양천구,신월5동,1069902,치즈,A,식료품 및 비주류음료
222,201806,2,5,4,1,1,7000,11710510,서울특별시,송파구,풍납1동,1080110,탁주,B,주류 및 담배
223,201910,2,2,4,1,1,7000,11710670,서울특별시,송파구,잠실2동,1069902,치즈,A,식료품 및 비주류음료
224,201812,2,3,2,1,2,11000,41360,경기도,남양주시,,3020203,헤어트리트먼트/헤어팩,L,기타 상품 및 서비스
225,201910,1,2,5,1,1,1000,11140665,서울특별시,중구,동화동,1050101,사이다,A,식료품 및 비주류음료
226,201802,2,4,3,1,4,13000,11170560,서울특별시,용산구,원효로제1동,1011107,축산소재류(냉장/냉동),A,식료품 및 비주류음료
227,201910,2,4,5,1,1,1000,11170685,서울특별시,용산구,한남동,1010408,볶음깨,A,식료품 및 비주류음료
228,201905,1,4,5,1,77,2000,41570,경기도,김포시,,4010603,학습교재완구,J,교육
229,201903,2,5,5,1,1,3000,11410655,서울특별시,서대문구,홍제제2동,1030102,과자빵류,A,식료품 및 비주류음료
230,201908,1,5,5,2,1,2000,11530760,서울특별시,구로구,개봉제3동,4020206,자동차/기차/비행기,I,오락 및 문화
231,201902,2,5,4,1,1,16000,11350621,서울특별시,노원구,중계1동,1060101,드링크발효유,A,식료품 및 비주류음료
232,201807,1,4,3,5,7,1000,11710562,서울특별시,송파구,방이2동,1070201,달걀,A,식료품 및 비주류음료
233,201905,2,2,6,1,1,4000,11740570,서울특별시,강동구,암사제1동,1011001,배추김치류,A,식료품 및 비주류음료
234,201811,2,4,2,1,1,6000,11230730,서울특별시,동대문구,휘경제2동,1050302,컵/PET커피,A,식료품 및 비주류음료
235,201912,2,6,5,1,1,4000,41480,경기도,파주시,,1110105,분식,A,식료품 및 비주류음료
236,201808,1,4,5,1,1,5000,11500611,서울특별시,강서구,발산제1동,1050403,커피믹스,A,식료품 및 비주류음료
237,201804,2,1,3,1,4,7000,11500550,서울특별시,강서구,화곡제2동,1020302,하드비스켓,A,식료품 및 비주류음료
238,201908,1,5,4,1,2,25000,11350700,서울특별시,노원구,상계8동,5020105,욕실용소품,E,가정용품 및 가사 서비스
239,201809,1,4,4,1,1,1000,41271,경기도,안산시 상록구,,1010999,기타간편가정식/편이식,A,식료품 및 비주류음료
240,201910,2,3,5,1,1,7000,11290705,서울특별시,성북구,종암동,1011802,간편면류,A,식료품 및 비주류음료
241,201809,1,3,6,1,1,21000,11350619,서울특별시,노원구,중계본동,2010503,탈취제,E,가정용품 및 가사 서비스
242,201903,2,4,4,1,11,5000,41281,경기도,고양시 덕양구,,1011304,건조기류,A,식료품 및 비주류음료
243,201905,1,6,5,1,1,4000,11710631,서울특별시,송파구,가락1동,1020304,초코과자비스켓,A,식료품 및 비주류음료
244,201810,1,7,4,7,1,13000,41630,경기도,양주시,,1070201,달걀,A,식료품 및 비주류음료
245,201906,2,3,2,1,16,107000,11305620,서울특별시,강북구,수유2동,1011501,어묵,A,식료품 및 비주류음료
246,201907,2,6,5,1,3,6000,11170510,서울특별시,용산구,후암동,1070303,굴조개류,A,식료품 및 비주류음료
247,201807,2,4,4,1,1,5000,41173,경기도,안양시 동안구,,1020301,소프트비스켓,A,식료품 및 비주류음료
248,201812,1,4,4,1,1,5000,11680590,서울특별시,강남구,삼성2동,1010804,참치 통조림,A,식료품 및 비주류음료
249,201910,2,5,5,1,1,12000,41630,경기도,양주시,,2010102,칫솔,E,가정용품 및 가사 서비스
250,201804,2,4,5,1,2,18000,11320660,서울특별시,도봉구,쌍문제1동,1060103,호상발효유,A,식료품 및 비주류음료
251,201907,2,7,4,1,2,18000,11350611,서울특별시,노원구,하계1동,1020603,소맥스낵,A,식료품 및 비주류음료
252,201912,2,3,3,1,1,1000,11215850,서울특별시,광진구,구의제1동,3010106,페이셜크림/젤,L,기타 상품 및 서비스
253,201904,1,4,5,1,1,1000,11110550,서울특별시,종로구,부암동,1060103,호상발효유,A,식료품 및 비주류음료
254,201812,2,4,6,2,1,1000,41271,경기도,안산시 상록구,,1018899,가공식품기획세트,A,식료품 및 비주류음료
255,201803,1,4,4,1,3,1000,11545670,서울특별시,금천구,시흥제1동,1110102,중식,A,식료품 및 비주류음료
256,201807,1,4,4,1,7,1000,11200570,서울특별시,성동구,행당제2동,1070110,특용작물,A,식료품 및 비주류음료
257,201912,2,4,4,1,1,6000,41830,경기도,양평군,,1010601,소시지류,A,식료품 및 비주류음료
258,201911,2,3,4,4,1,13000,11710710,서울특별시,송파구,잠실6동,1080101,맥주,B,주류 및 담배
259,201905,1,4,6,2,1,7000,11650550,서울특별시,서초구,반포본동,1070102,서류,A,식료품 및 비주류음료
260,201812,2,7,5,3,1,2000,11215760,서울특별시,광진구,중곡제3동,1080102,소주,B,주류 및 담배
261,201911,2,6,5,1,1,4000,11350600,서울특별시,노원구,공릉2동,1010708,봉지라면,A,식료품 및 비주류음료
262,201806,2,5,3,1,2,4000,11305575,서울특별시,강북구,삼각산동,1011102,튀김류,A,식료품 및 비주류음료
263,201808,2,5,2,1,1,21000,11590660,서울특별시,동작구,대방동,3010402,립글로스,L,기타 상품 및 서비스
264,201809,2,3,2,1,9,1000,11350630,서울특별시,노원구,상계1동,1060201,후레쉬우유,A,식료품 및 비주류음료
265,201812,2,2,6,1,7,3000,48121,경상남도,창원시 의창구,,1011808,간편식육제품류,A,식료품 및 비주류음료
266,201804,1,4,5,2,1,5000,11590640,서울특별시,동작구,사당제3동,1060201,후레쉬우유,A,식료품 및 비주류음료
267,201911,2,3,3,1,3,44000,11215850,서울특별시,광진구,구의제1동,1069902,치즈,A,식료품 및 비주류음료
268,201808,1,2,6,3,3,9000,11410620,서울특별시,서대문구,홍제제1동,1020603,소맥스낵,A,식료품 및 비주류음료
269,201803,2,4,4,3,2,17000,11380580,서울특별시,은평구,응암제1동,1050401,원두커피,A,식료품 및 비주류음료
270,201801,2,3,3,1,1,133000,11680670,서울특별시,강남구,개포2동,1010206,설탕,A,식료품 및 비주류음료
271,201904,1,4,5,1,2,4000,41117,경기도,수원시 영통구,,1050602,보리차음료,A,식료품 및 비주류음료
272,201805,1,3,4,1,1,1000,11740700,서울특별시,강동구,둔촌제2동,1090202,건/견과류,A,식료품 및 비주류음료
273,201804,1,4,3,1,6,1000,11545620,서울특별시,금천구,독산제2동,2010402,다목적용 세정제,E,가정용품 및 가사 서비스
274,201810,1,2,4,1,2,4000,11470610,서울특별시,양천구,신월6동,1020704,씨리얼,A,식료품 및 비주류음료
275,201902,1,2,6,1,2,13000,11710690,서울특별시,송파구,잠실4동,1010104,일반양념장,A,식료품 및 비주류음료
276,201803,2,4,6,1,1,5000,11710570,서울특별시,송파구,오금동,5010301,테이블소품,E,가정용품 및 가사 서비스
277,201801,2,6,4,1,1,100000,41210,경기도,광명시,,1050616,미과즙음료,A,식료품 및 비주류음료
278,201910,2,3,4,1,4,1000,28260,인천광역시,서구,,1010712,우동,A,식료품 및 비주류음료
279,201906,2,4,5,1,1,17000,11530740,서울특별시,구로구,개봉제1동,1050101,사이다,A,식료품 및 비주류음료
280,201802,1,3,4,1,2,10000,11140540,서울특별시,중구,회현동,1011502,맛살,A,식료품 및 비주류음료
281,201806,2,3,3,1,2,4000,41135,경기도,성남시 분당구,,9029906,헤어액세서리,C,의류 및 신발
282,201903,2,5,3,1,1,4000,11380560,서울특별시,은평구,구산동,1060101,드링크발효유,A,식료품 및 비주류음료
283,201907,2,4,3,1,1,20000,11680610,서울특별시,강남구,대치2동,1011602,순두부,A,식료품 및 비주류음료
284,201801,1,2,6,1,1,73000,11380625,서울특별시,은평구,역촌동,1050501,코코아(분말),A,식료품 및 비주류음료
285,201805,2,4,6,1,1,6000,11410615,서울특별시,서대문구,연희동,1080110,탁주,B,주류 및 담배
286,201910,2,5,4,1,1,2000,11320690,서울특별시,도봉구,방학제1동,1050204,50%과즙음료,A,식료품 및 비주류음료
287,201907,2,5,3,1,2,3000,11110615,서울특별시,종로구,종로1.2.3.4가동,1020703,잼류,A,식료품 및 비주류음료
288,201806,1,4,5,1,8,6000,41360,경기도,남양주시,,2010303,생리대,E,가정용품 및 가사 서비스
289,201802,2,3,2,1,2,4000,11230545,서울특별시,동대문구,제기동,1020304,초코과자비스켓,A,식료품 및 비주류음료
290,201807,1,6,5,3,16,10000,11380690,서울특별시,은평구,진관동,1020202,소프트캔디,A,식료품 및 비주류음료
291,201902,2,3,5,1,36,8000,11470550,서울특별시,양천구,목5동,1020405,미니&쉘,A,식료품 및 비주류음료
292,201806,2,4,2,1,1,14000,46130,전라남도,여수시,,1011501,어묵,A,식료품 및 비주류음료
293,201803,2,2,6,1,1,1000,11545680,서울특별시,금천구,시흥제2동,1020699,기타스낵류,A,식료품 및 비주류음료
294,201903,2,5,3,1,1,7000,41210,경기도,광명시,,2010302,미용티슈,E,가정용품 및 가사 서비스
295,201911,2,4,4,1,12,2000,11200520,서울특별시,성동구,왕십리제2동,1030102,과자빵류,A,식료품 및 비주류음료
296,201906,2,3,4,1,1,6000,11680640,서울특별시,강남구,역삼1동,1070109,과수,A,식료품 및 비주류음료
297,201804,2,3,2,2,3,2000,11170580,서울특별시,용산구,효창동,1011604,유부,A,식료품 및 비주류음료
298,201808,2,2,3,1,1,5000,28260,인천광역시,서구,,1011805,간편탕류,A,식료품 및 비주류음료
299,201802,2,3,6,2,1,3000,11320660,서울특별시,도봉구,쌍문제1동,5040101,유아욕실및목욕용품,E,가정용품 및 가사 서비스
300,201904,1,6,6,1,1,1000,11710690,서울특별시,송파구,잠실4동,1011808,간편식육제품류,A,식료품 및 비주류음료
301,201803,2,3,4,2,2,17000,11380600,서울특별시,은평구,응암제3동,5010704,일회용위생장갑,E,가정용품 및 가사 서비스
302,201808,2,4,5,1,10,4000,11530720,서울특별시,구로구,고척제1동,5030701,핫팩/쿨팩,E,가정용품 및 가사 서비스
303,201811,1,3,5,1,5,132000,11170520,서울특별시,용산구,용산2가동,1080101,맥주,B,주류 및 담배
304,201811,2,4,4,1,3,7000,11140615,서울특별시,중구,신당동,1069902,치즈,A,식료품 및 비주류음료
305,201908,2,2,5,1,1,7000,11230710,서울특별시,동대문구,회기동,1090202,건/견과류,A,식료품 및 비주류음료
306,201804,2,5,3,1,3,2000,11710600,서울특별시,송파구,석촌동,1011107,축산소재류(냉장/냉동),A,식료품 및 비주류음료
307,201902,2,3,3,1,1,2000,11650531,서울특별시,서초구,서초4동,1010903,삼각김밥류,A,식료품 및 비주류음료
308,201910,2,4,6,1,1,5000,11650510,서울특별시,서초구,서초1동,1020301,소프트비스켓,A,식료품 및 비주류음료
309,201803,2,2,3,1,1,10000,11650540,서울특별시,서초구,잠원동,5020205,쓰레기봉투,E,가정용품 및 가사 서비스
310,201907,2,4,4,1,1,2000,26380,부산광역시,사하구,,1010605,바베큐류,A,식료품 및 비주류음료
311,201810,1,4,5,1,35,4000,11680590,서울특별시,강남구,삼성2동,1010605,바베큐류,A,식료품 및 비주류음료
312,201912,1,4,4,1,1,6000,48250,경상남도,김해시,,1011501,어묵,A,식료품 및 비주류음료
313,201801,2,2,4,9,2,6000,11710680,서울특별시,송파구,잠실3동,1090202,건/견과류,A,식료품 및 비주류음료
314,201911,2,3,5,1,1,26000,11440630,서울특별시,마포구,신수동,1020401,초코과자초콜릿,A,식료품 및 비주류음료
315,201807,2,3,5,1,1,7000,41461,경기도,용인시 처인구,,1060201,후레쉬우유,A,식료품 및 비주류음료
316,201807,1,4,3,1,1,3000,41135,경기도,성남시 분당구,,1020601,옥수수스낵,A,식료품 및 비주류음료
317,201905,2,4,4,1,1,15000,11320680,서울특별시,도봉구,쌍문제3동,1070108,조미채소,A,식료품 및 비주류음료
318,201901,1,2,1,1,1,15000,11560610,서울특별시,영등포구,양평제1동,1060202,강화우유,A,식료품 및 비주류음료
319,201910,2,4,6,1,1,9000,11650581,서울특별시,서초구,반포4동,5030701,핫팩/쿨팩,E,가정용품 및 가사 서비스
320,201802,2,4,6,1,1,27000,11620645,서울특별시,관악구,서원동,1020304,초코과자비스켓,A,식료품 및 비주류음료
321,201901,1,5,3,1,2,6000,11680580,서울특별시,강남구,삼성1동,2010306,물티슈,E,가정용품 및 가사 서비스
322,201810,2,6,4,1,1,13000,11290620,서울특별시,성북구,정릉제1동,1050302,컵/PET커피,A,식료품 및 비주류음료
323,201802,2,2,5,1,4,2000,41150,경기도,의정부시,,1070105,과채류,A,식료품 및 비주류음료
324,201808,2,2,4,1,1,9000,11560605,서울특별시,영등포구,문래동,4020505,보드/카드게임,I,오락 및 문화
325,201811,2,7,3,1,2,7000,41450,경기도,하남시,,3010307,컨실러,L,기타 상품 및 서비스
326,201905,2,6,3,1,2,1000,11170555,서울특별시,용산구,청파동,1120414,유산균/초유,A,식료품 및 비주류음료
327,201809,1,4,5,1,2,4000,11680700,서울특별시,강남구,세곡동,1020201,하드캔디,A,식료품 및 비주류음료
328,201806,1,4,3,1,3,4000,11350630,서울특별시,노원구,상계1동,1080116,RTD맥주,B,주류 및 담배
329,201907,1,4,4,1,3,2000,11380510,서울특별시,은평구,녹번동,5030701,핫팩/쿨팩,E,가정용품 및 가사 서비스
330,201805,2,3,6,1,6,10000,11650580,서울특별시,서초구,반포3동,1011809,조리냉장탕류,A,식료품 및 비주류음료
331,201904,1,5,4,1,1,1000,11530780,서울특별시,구로구,오류제2동,5010605,수세미,E,가정용품 및 가사 서비스
332,201907,2,3,4,1,4,28000,43740,충청북도,영동군,,1050301,캔커피,A,식료품 및 비주류음료
333,201805,2,4,3,1,1,10000,11710680,서울특별시,송파구,잠실3동,1011601,일반두부,A,식료품 및 비주류음료
334,201812,1,7,5,2,1,2000,41150,경기도,의정부시,,1080101,맥주,B,주류 및 담배
335,201801,2,3,4,1,1,7000,11500603,서울특별시,강서구,가양제1동,1010302,된장,A,식료품 및 비주류음료
336,201806,2,3,5,2,9,4000,11380625,서울특별시,은평구,역촌동,2010103,구강청량제,E,가정용품 및 가사 서비스
337,201907,2,6,5,1,1,6000,11680531,서울특별시,강남구,논현2동,1020699,기타스낵류,A,식료품 및 비주류음료
338,201904,2,4,5,2,2,15000,11305535,서울특별시,강북구,미아동,3030208,퍼프/분첩,L,기타 상품 및 서비스
339,201911,1,3,5,1,8,5000,11530520,서울특별시,구로구,구로제1동,1010704,칼국수,A,식료품 및 비주류음료
340,201808,2,3,6,1,1,11000,11620695,서울특별시,관악구,신림동,1011706,핫케익가루,A,식료품 및 비주류음료
341,201908,2,2,6,1,8,5000,11710647,서울특별시,송파구,위례동,1080101,맥주,B,주류 및 담배
342,201812,1,3,5,1,1,5000,11680700,서울특별시,강남구,세곡동,6030201,믹서기/다지기,E,가정용품 및 가사 서비스
343,201907,2,3,3,1,4,7000,11680650,서울특별시,강남구,역삼2동,1070106,엽채류,A,식료품 및 비주류음료
344,201806,2,3,3,2,1,7000,11710620,서울특별시,송파구,가락본동,1050602,보리차음료,A,식료품 및 비주류음료
345,201806,2,4,4,1,2,2000,11140670,서울특별시,중구,황학동,1050302,컵/PET커피,A,식료품 및 비주류음료
346,201911,1,4,4,1,1,1000,11350612,서울특별시,노원구,하계2동,1010707,떡국,A,식료품 및 비주류음료
347,201904,1,2,2,2,1,17000,11530550,서울특별시,구로구,구로제4동,3020106,핸드/풋크림,L,기타 상품 및 서비스
348,201808,1,3,3,1,3,1000,11500611,서울특별시,강서구,발산제1동,1011501,어묵,A,식료품 및 비주류음료
349,201811,2,4,2,1,5,22000,11620605,서울특별시,관악구,은천동,1060103,호상발효유,A,식료품 및 비주류음료
350,201809,2,4,5,1,1,9000,11320710,서울특별시,도봉구,방학제3동,1040106,콘 아이스크림,A,식료품 및 비주류음료
351,201808,2,6,5,1,1,19000,11740640,서울특별시,강동구,성내제1동,2010204,섬유유연제,E,가정용품 및 가사 서비스
352,201908,1,6,3,7,3,3000,11215730,서울특별시,광진구,군자동,1011107,축산소재류(냉장/냉동),A,식료품 및 비주류음료
353,201905,2,5,4,1,1,3000,11680670,서울특별시,강남구,개포2동,1011805,간편탕류,A,식료품 및 비주류음료
354,201812,1,4,4,1,1,5000,11710580,서울특별시,송파구,송파1동,5030301,건전지,E,가정용품 및 가사 서비스
355,201811,2,4,2,2,5,35000,11530750,서울특별시,구로구,개봉제2동,1011899,기타레토르트식품,A,식료품 및 비주류음료
356,201901,2,6,5,1,13,7000,11380570,서울특별시,은평구,대조동,3010107,에센스/세럼,L,기타 상품 및 서비스
357,201804,1,5,5,4,1,1000,11500603,서울특별시,강서구,가양제1동,1010709,용기라면,A,식료품 및 비주류음료
358,201804,2,3,4,1,1,4000,11350611,서울특별시,노원구,하계1동,1070109,과수,A,식료품 및 비주류음료
359,201806,1,3,6,1,2,36000,11740685,서울특별시,강동구,길동,1020301,소프트비스켓,A,식료품 및 비주류음료
360,201907,2,2,4,1,1,8000,11650531,서울특별시,서초구,서초4동,1020202,소프트캔디,A,식료품 및 비주류음료
361,201812,2,5,4,1,2,1000,11560630,서울특별시,영등포구,신길제1동,1010804,참치 통조림,A,식료품 및 비주류음료
362,201806,2,5,4,1,19,17000,11620630,서울특별시,관악구,남현동,1060205,유기농우유,A,식료품 및 비주류음료
363,201904,1,4,5,4,2,4000,11680690,서울특별시,강남구,개포4동,1040106,콘 아이스크림,A,식료품 및 비주류음료
364,201806,2,4,6,1,1,24000,11380530,서울특별시,은평구,불광제2동,1010306,혼합장(쌈장),A,식료품 및 비주류음료
365,201912,1,2,6,3,2,3000,11680700,서울특별시,강남구,세곡동,1010601,소시지류,A,식료품 및 비주류음료
366,201806,2,6,6,1,1,3000,11710620,서울특별시,송파구,가락본동,2010302,미용티슈,E,가정용품 및 가사 서비스
367,201812,2,4,3,1,7,2000,11710647,서울특별시,송파구,위례동,1011806,간편죽류,A,식료품 및 비주류음료
368,201908,2,3,6,4,1,2000,11470610,서울특별시,양천구,신월6동,1011107,축산소재류(냉장/냉동),A,식료품 및 비주류음료
369,201806,2,7,4,2,3,1000,41281,경기도,고양시 덕양구,,1011601,일반두부,A,식료품 및 비주류음료
370,201905,1,2,5,2,7,6000,11350600,서울특별시,노원구,공릉2동,1011808,간편식육제품류,A,식료품 및 비주류음료
371,201910,1,4,5,1,1,30000,11470611,서울특별시,양천구,신월7동,1050302,컵/PET커피,A,식료품 및 비주류음료
372,201812,1,5,5,1,2,6000,11260630,서울특별시,중랑구,묵제2동,1020101,자일리톨껌,A,식료품 및 비주류음료
373,201803,2,4,3,3,1,1000,11380690,서울특별시,은평구,진관동,1011101,만두류,A,식료품 및 비주류음료
374,201904,1,4,4,1,1,22000,11230570,서울특별시,동대문구,전농제2동,1050609,꿀물/꿀차,A,식료품 및 비주류음료
375,201807,2,4,6,1,1,3000,11470680,서울특별시,양천구,신정7동,1010501,참기름,A,식료품 및 비주류음료
376,201805,2,4,6,2,1,5000,11590530,서울특별시,동작구,상도제1동,1020601,옥수수스낵,A,식료품 및 비주류음료
377,201810,2,3,3,1,1,2000,11305606,서울특별시,강북구,번3동,1080109,와인,B,주류 및 담배
378,201907,2,4,5,10,1,4000,11350600,서울특별시,노원구,공릉2동,2010306,물티슈,E,가정용품 및 가사 서비스
379,201904,2,3,5,1,1,1000,41135,경기도,성남시 분당구,,2010301,화장지,E,가정용품 및 가사 서비스
380,201910,1,3,4,1,3,5000,11680720,서울특별시,강남구,일원본동,5010603,지퍼백/위생백/롤백,E,가정용품 및 가사 서비스
381,201803,1,5,3,1,1,5000,11710580,서울특별시,송파구,송파1동,1011401,새우젓,A,식료품 및 비주류음료
382,201909,2,5,2,1,3,47000,11650530,서울특별시,서초구,서초3동,1060205,유기농우유,A,식료품 및 비주류음료
383,201804,2,4,3,1,1,8000,11560720,서울특별시,영등포구,대림제3동,1050901,스포츠/이온음료,A,식료품 및 비주류음료
384,201901,2,5,5,1,3,58000,11350695,서울특별시,노원구,상계6.7동,1070201,달걀,A,식료품 및 비주류음료
385,201806,2,3,3,1,1,24000,11590680,서울특별시,동작구,신대방제2동,1020602,감자스낵,A,식료품 및 비주류음료
386,201910,2,4,4,1,1,6000,11380510,서울특별시,은평구,녹번동,1011199,기타냉동식품,A,식료품 및 비주류음료
387,201912,2,4,4,1,2,9000,11110570,서울특별시,종로구,무악동,1050302,컵/PET커피,A,식료품 및 비주류음료
388,201812,2,4,4,1,1,2000,11110560,서울특별시,종로구,평창동,1011501,어묵,A,식료품 및 비주류음료
389,201810,2,4,3,1,1,6000,11680690,서울특별시,강남구,개포4동,5030805,담요,E,가정용품 및 가사 서비스
390,201808,2,2,3,6,2,16000,11110580,서울특별시,종로구,교남동,1020201,하드캔디,A,식료품 및 비주류음료
391,201810,1,4,3,1,1,2000,11650581,서울특별시,서초구,반포4동,1011702,밀가루/빵가루,A,식료품 및 비주류음료
392,201811,1,3,6,1,1,4000,11530720,서울특별시,구로구,고척제1동,1010709,용기라면,A,식료품 및 비주류음료
393,201808,2,6,6,1,1,5000,11350630,서울특별시,노원구,상계1동,3020106,핸드/풋크림,L,기타 상품 및 서비스
394,201810,1,3,5,1,1,26000,11215730,서울특별시,광진구,군자동,1011808,간편식육제품류,A,식료품 및 비주류음료
395,201902,1,3,4,4,2,1000,11215730,서울특별시,광진구,군자동,1080101,맥주,B,주류 및 담배
396,201810,2,5,5,1,6,7000,11590540,서울특별시,동작구,상도제2동,1030106,케익/머핀,A,식료품 및 비주류음료
397,201901,2,3,3,1,1,1000,11170630,서울특별시,용산구,이촌제1동,1020703,잼류,A,식료품 및 비주류음료
398,201902,1,4,6,1,1,4000,11170650,서울특별시,용산구,이태원제1동,1011301,건오징어류,A,식료품 및 비주류음료
399,201905,2,5,6,1,1,4000,11500620,서울특별시,강서구,공항동,1010903,삼각김밥류,A,식료품 및 비주류음료
400,201811,2,4,2,1,1,2000,11410655,서울특별시,서대문구,홍제제2동,1010903,삼각김밥류,A,식료품 및 비주류음료
401,201909,2,2,5,1,1,24000,11290660,서울특별시,성북구,길음제1동,1010904,편이간편식류,A,식료품 및 비주류음료
402,201803,2,3,4,1,1,10000,11680720,서울특별시,강남구,일원본동,1030103,호빵/찐빵류,A,식료품 및 비주류음료
403,201908,2,3,4,2,2,3000,11215750,서울특별시,광진구,중곡제2동,2010305,키친타월,E,가정용품 및 가사 서비스
404,201806,2,5,5,1,3,6000,11305606,서울특별시,강북구,번3동,1070105,과채류,A,식료품 및 비주류음료
405,201911,1,5,6,1,1,4000,41830,경기도,양평군,,1030104,조리빵류,A,식료품 및 비주류음료
406,201910,2,4,4,4,1,4000,11530520,서울특별시,구로구,구로제1동,1010715,떡볶이,A,식료품 및 비주류음료
407,201912,2,4,3,2,1,6000,11620565,서울특별시,관악구,성현동,5010603,지퍼백/위생백/롤백,E,가정용품 및 가사 서비스
408,201906,1,4,5,5,1,25000,11230750,서울특별시,동대문구,이문제2동,1010707,떡국,A,식료품 및 비주류음료
409,201909,2,4,6,1,1,3000,11500611,서울특별시,강서구,발산제1동,1011701,전분,A,식료품 및 비주류음료
410,201903,2,6,4,1,1,2000,11170700,서울특별시,용산구,보광동,1070302,미가공해수어,A,식료품 및 비주류음료
411,201905,1,7,4,1,2,22000,11680610,서울특별시,강남구,대치2동,3010110,마스크팩,L,기타 상품 및 서비스
412,201911,2,5,5,2,2,5000,11740620,서울특별시,강동구,천호제3동,1011502,맛살,A,식료품 및 비주류음료
413,201902,2,5,3,5,1,2000,11590510,서울특별시,동작구,노량진제1동,1030104,조리빵류,A,식료품 및 비주류음료
414,201903,2,4,3,1,1,1000,11350670,서울특별시,노원구,상계5동,5030406,공구및보수용품,E,가정용품 및 가사 서비스
415,201806,2,4,3,1,1,3000,11305610,서울특별시,강북구,수유1동,3020102,바디로션/크림,L,기타 상품 및 서비스
416,201811,2,3,4,3,1,37000,11710562,서울특별시,송파구,방이2동,1060101,드링크발효유,A,식료품 및 비주류음료
417,201905,1,2,6,1,13,23000,11560630,서울특별시,영등포구,신길제1동,1011702,밀가루/빵가루,A,식료품 및 비주류음료
418,201910,2,7,6,1,5,3000,28260,인천광역시,서구,,1011002,무김치류,A,식료품 및 비주류음료
419,201801,2,6,2,1,1,3000,11500620,서울특별시,강서구,공항동,1100101,담배,B,주류 및 담배
420,201910,1,2,5,1,1,1000,45111,전라북도,전주시 완산구,,1070105,과채류,A,식료품 및 비주류음료
421,201909,2,2,5,3,1,10000,11545630,서울특별시,금천구,독산제3동,1011604,유부,A,식료품 및 비주류음료
422,201808,2,3,5,1,2,6000,11230660,서울특별시,동대문구,장안제2동,2010401,주방세제,E,가정용품 및 가사 서비스
423,201809,1,4,5,6,1,21000,11380570,서울특별시,은평구,대조동,1010405,와사비,A,식료품 및 비주류음료
424,201907,1,5,5,1,1,2000,41450,경기도,하남시,,1010903,삼각김밥류,A,식료품 및 비주류음료
425,201901,1,4,4,1,15,11000,11500640,서울특별시,강서구,방화제2동,1060103,호상발효유,A,식료품 및 비주류음료
426,201903,2,4,5,1,1,2000,11590510,서울특별시,동작구,노량진제1동,6080299,기타휴대폰액세서리,L,기타 상품 및 서비스
427,201903,1,5,5,2,1,5000,11740650,서울특별시,강동구,성내제2동,1050802,탄산수,A,식료품 및 비주류음료
428,201807,2,4,5,2,3,16000,11170590,서울특별시,용산구,용문동,1040199,기타아이스크림제품류,A,식료품 및 비주류음료
429,201908,2,4,5,1,1,14000,11380530,서울특별시,은평구,불광제2동,1050901,스포츠/이온음료,A,식료품 및 비주류음료
430,201811,2,4,1,1,1,5000,11680656,서울특별시,강남구,도곡2동,1020704,씨리얼,A,식료품 및 비주류음료
431,201907,2,2,4,1,1,2000,28260,인천광역시,서구,,5020205,쓰레기봉투,E,가정용품 및 가사 서비스
432,201908,2,7,4,1,3,3000,11560560,서울특별시,영등포구,당산제2동,1010604,캔햄류,A,식료품 및 비주류음료
433,201912,2,2,4,1,4,8000,41410,경기도,군포시,,1020702,누룽지류,A,식료품 및 비주류음료
434,201904,1,2,6,1,1,16000,42110,강원도,춘천시,,1010904,편이간편식류,A,식료품 및 비주류음료
435,201905,1,4,6,1,2,2000,41390,경기도,시흥시,,1011808,간편식육제품류,A,식료품 및 비주류음료
436,201803,2,6,3,1,2,20000,11260630,서울특별시,중랑구,묵제2동,4010506,미술용지,J,교육
437,201806,2,6,6,2,4,1000,11350612,서울특별시,노원구,하계2동,1020503,일반케익,A,식료품 및 비주류음료
438,201901,2,3,3,2,1,2000,11650560,서울특별시,서초구,반포1동,1020499,볼및기타,A,식료품 및 비주류음료
439,201901,2,2,4,1,1,3000,11530530,서울특별시,구로구,구로제2동,1010303,고추장,A,식료품 및 비주류음료
440,201807,2,3,5,1,1,3000,11140680,서울특별시,중구,중림동,1050615,어린이음료,A,식료품 및 비주류음료
441,201802,2,4,3,1,1,3000,41273,경기도,안산시 단원구,,2010303,생리대,E,가정용품 및 가사 서비스
442,201804,1,7,4,16,1,7000,11710710,서울특별시,송파구,잠실6동,1070105,과채류,A,식료품 및 비주류음료
443,201812,1,4,5,1,3,3000,11350612,서울특별시,노원구,하계2동,1030104,조리빵류,A,식료품 및 비주류음료
444,201901,2,4,4,3,1,5000,11110550,서울특별시,종로구,부암동,1011006,반찬류,A,식료품 및 비주류음료
445,201811,1,4,1,1,6,16000,44200,충청남도,아산시,,1070109,과수,A,식료품 및 비주류음료
446,201906,1,2,5,8,1,9000,42150,강원도,강릉시,,1010601,소시지류,A,식료품 및 비주류음료
447,201903,1,5,4,2,1,15000,11440700,서울특별시,마포구,망원제2동,1070109,과수,A,식료품 및 비주류음료
448,201812,2,5,3,3,1,3000,11305545,서울특별시,강북구,송중동,1030104,조리빵류,A,식료품 및 비주류음료
449,201909,2,2,6,1,2,3000,11230660,서울특별시,동대문구,장안제2동,1011601,일반두부,A,식료품 및 비주류음료
450,201810,1,6,3,1,1,4000,11305534,서울특별시,강북구,삼양동,1020602,감자스낵,A,식료품 및 비주류음료
451,201803,2,2,5,11,2,20000,45113,전라북도,전주시 덕진구,,1020302,하드비스켓,A,식료품 및 비주류음료
452,201801,2,7,5,1,1,2000,44270,충청남도,당진시,,1019999,기타가공식품,A,식료품 및 비주류음료
453,201808,2,6,6,18,2,15000,41480,경기도,파주시,,1010209,요리주,A,식료품 및 비주류음료
454,201904,1,6,5,1,1,22000,11500611,서울특별시,강서구,발산제1동,1070106,엽채류,A,식료품 및 비주류음료
455,201912,2,5,5,1,3,19000,11710570,서울특별시,송파구,오금동,1011104,조리냉동식품,A,식료품 및 비주류음료
456,201907,2,4,5,1,1,1000,11530780,서울특별시,구로구,오류제2동,1020605,멀티그레인스낵,A,식료품 및 비주류음료
457,201812,2,4,6,1,1,3000,41281,경기도,고양시 덕양구,,1080101,맥주,B,주류 및 담배
458,201802,1,2,1,1,1,8000,11530550,서울특별시,구로구,구로제4동,1010605,바베큐류,A,식료품 및 비주류음료
459,201802,1,4,5,1,1,2000,11350720,서울특별시,노원구,상계10동,1100101,담배,B,주류 및 담배
460,201909,1,4,4,2,1,2000,11290660,서울특별시,성북구,길음제1동,1080102,소주,B,주류 및 담배
461,201804,2,5,2,2,1,17000,11590630,서울특별시,동작구,사당제2동,1050802,탄산수,A,식료품 및 비주류음료
462,201909,2,2,6,2,56,50000,41131,경기도,성남시 수정구,,3010402,립글로스,L,기타 상품 및 서비스
463,201902,2,4,5,1,1,340000,11140550,서울특별시,중구,명동,1011107,축산소재류(냉장/냉동),A,식료품 및 비주류음료
464,201911,2,7,5,1,1,7000,11230740,서울특별시,동대문구,이문제1동,1011603,연두부,A,식료품 및 비주류음료
465,201904,2,6,6,1,1,10000,11230740,서울특별시,동대문구,이문제1동,1050905,인삼/한약재음료,A,식료품 및 비주류음료
466,201904,1,3,3,1,5,70000,11500640,서울특별시,강서구,방화제2동,1020604,미과스낵,A,식료품 및 비주류음료
467,201805,1,4,2,1,1,5000,11350665,서울특별시,노원구,상계3.4동,5010312,컵/머그/잔,E,가정용품 및 가사 서비스
468,201809,2,4,5,2,2,3000,28260,인천광역시,서구,,1070109,과수,A,식료품 및 비주류음료
469,201805,1,5,5,4,4,6000,41171,경기도,안양시 만안구,,1030104,조리빵류,A,식료품 및 비주류음료
470,201906,1,3,5,2,1,24000,11440660,서울특별시,마포구,서교동,1020204,젤리,A,식료품 및 비주류음료
471,201802,1,4,5,1,2,21000,11410655,서울특별시,서대문구,홍제제2동,1011107,축산소재류(냉장/냉동),A,식료품 및 비주류음료
472,201811,2,5,5,1,1,6000,11110570,서울특별시,종로구,무악동,1020301,소프트비스켓,A,식료품 및 비주류음료
473,201912,2,5,5,1,1,4000,11680670,서울특별시,강남구,개포2동,4020505,보드/카드게임,I,오락 및 문화
474,201901,2,2,4,1,1,3000,11215730,서울특별시,광진구,군자동,1010901,샐러드류,A,식료품 및 비주류음료
475,201803,2,5,6,1,1,2000,44770,충청남도,서천군,,1090202,건/견과류,A,식료품 및 비주류음료
476,201805,2,2,3,1,1,19000,11710646,서울특별시,송파구,장지동,1040102,바 아이스크림,A,식료품 및 비주류음료
477,201910,2,4,4,1,1,14000,11680720,서울특별시,강남구,일원본동,1080101,맥주,B,주류 및 담배
478,201811,1,5,5,1,1,4000,11590650,서울특별시,동작구,사당제4동,1010302,된장,A,식료품 및 비주류음료
479,201811,2,6,4,1,1,4000,11440730,서울특별시,마포구,성산제2동,1020303,샌드비스켓,A,식료품 및 비주류음료
480,201910,2,5,6,2,1,7000,41220,경기도,평택시,,1010707,떡국,A,식료품 및 비주류음료
481,201804,2,4,3,1,3,4000,11170570,서울특별시,용산구,원효로제2동,1020605,멀티그레인스낵,A,식료품 및 비주류음료
482,201907,1,4,5,3,5,8000,29155,광주광역시,남구,,1050202,저과즙음료,A,식료품 및 비주류음료
483,201907,2,5,4,1,2,3000,11260630,서울특별시,중랑구,묵제2동,1011501,어묵,A,식료품 및 비주류음료
484,201802,2,4,5,1,1,6000,41310,경기도,구리시,,1070302,미가공해수어,A,식료품 및 비주류음료
485,201803,1,3,2,1,2,3000,11545700,서울특별시,금천구,시흥제4동,1020204,젤리,A,식료품 및 비주류음료
486,201808,2,4,5,1,3,12000,43112,충청북도,청주시 서원구,,1011006,반찬류,A,식료품 및 비주류음료
487,201809,2,3,1,1,4,9000,11110615,서울특별시,종로구,종로1.2.3.4가동,1060205,유기농우유,A,식료품 및 비주류음료
488,201908,2,5,1,1,2,13000,11545610,서울특별시,금천구,독산제1동,1010708,봉지라면,A,식료품 및 비주류음료
489,201811,2,3,5,1,1,8000,11170580,서울특별시,용산구,효창동,1020708,과일젤리류,A,식료품 및 비주류음료
490,201805,2,4,4,1,2,5000,11500615,서울특별시,강서구,우장산동,4010101,스프링/인덱스/일반노트,J,교육
491,201909,1,3,5,2,1,33000,11410615,서울특별시,서대문구,연희동,3020202,헤어컨디셔너/린스,L,기타 상품 및 서비스
492,201911,1,4,4,1,3,5000,11650600,서울특별시,서초구,방배1동,1011805,간편탕류,A,식료품 및 비주류음료
493,201908,2,3,5,4,1,4000,41820,경기도,가평군,,8029901,손발관리용품,F,보건
494,201902,2,3,4,3,1,81000,11500630,서울특별시,강서구,방화제1동,2020303,물고기용구,E,가정용품 및 가사 서비스
495,201902,1,5,5,1,2,32000,11470670,서울특별시,양천구,신정6동,1090109,보리차,A,식료품 및 비주류음료
496,201903,2,4,2,1,1,9000,47290,경상북도,경산시,,1100101,담배,B,주류 및 담배
497,201911,1,4,6,1,1,9000,11230730,서울특별시,동대문구,휘경제2동,1011104,조리냉동식품,A,식료품 및 비주류음료
498,201901,2,4,4,6,1,8000,11620595,서울특별시,관악구,청룡동,1010709,용기라면,A,식료품 및 비주류음료
499,201911,1,6,4,2,2,1000,11200645,서울특별시,성동구,옥수동,1010999,기타간편가정식/편이식,A,식료품 및 비주류음료
